name,level,school,attributes,description,embedding_text,embedding_vector
International Business Administration,Undergraduate,Chandaria School of Business,"['business', 'maths_for_business', 'research', 'global_focus', 'leadership_focus', 'capstone', 'internship', 'international_trade_simulations', 'cross_border_strategy', 'global_supply_chain_practicum']","Focuses on global trade, cross-border strategy, and leadership in international markets.","International Business Administration (Undergraduate, Chandaria School of Business) Attributes: business, maths_for_business, research, global_focus, leadership_focus, capstone, internship, international_trade_simulations, cross_border_strategy, global_supply_chain_practicum. Description: Focuses on global trade, cross-border strategy, and leadership in international markets.","[ 2.33351327e-02 -6.83208406e-02 -3.10092978e-02 -9.02904954e-04
 -1.65625028e-02 -5.84085137e-02 -2.68916022e-02  4.96660396e-02
 -3.92837450e-02  1.96896344e-02 -1.83588862e-02 -4.72110137e-02
 -4.37278338e-02  1.16321621e-02  2.18466669e-02 -1.13340989e-02
 -5.05047105e-02 -3.91029343e-02 -9.02615190e-02 -1.16119750e-01
  9.03935917e-03 -4.15488854e-02  5.54414131e-02 -3.31205828e-03
 -7.74133727e-02 -3.92372273e-02  6.09009247e-03 -1.81205850e-02
 -4.05156538e-02 -1.62657369e-02 -3.03658284e-02  3.60656418e-02
  9.01230611e-03  7.79782757e-02  4.74374555e-03  8.39324594e-02
 -1.87541414e-02 -8.53282027e-03  1.50143012e-01  2.84266099e-02
  8.46039597e-03  3.91183570e-02  2.10564751e-02 -5.48977144e-02
  3.20633873e-03 -2.65061539e-02 -2.19624490e-02 -1.38221681e-02
 -2.91646700e-02 -1.67900487e-03  1.49009842e-02  4.92170565e-02
 -6.17032684e-02  1.63071156e-02  9.91859660e-03  3.89652513e-02
  4.70911786e-02 -4.09048945e-02 -2.42851619e-02 -5.01797395e-03
 -9.59421322e-02 -2.11400408e-02  1.05223753e-01  8.01644772e-02
 -1.94728170e-02 -1.84149668e-02 -4.95209135e-02  1.08654097e-01
 -6.21867478e-02 -9.04764310e-02  8.08417276e-02 -7.44952783e-02
 -1.05091847e-01  7.20705390e-02  6.54756352e-02 -9.11495313e-02
  3.42343897e-02  2.30829120e-02  3.89766367e-03  1.73374787e-02
  5.98587953e-02  7.50310346e-02 -4.28426787e-02 -1.92323234e-02
 -2.57823704e-04 -9.46453735e-02 -2.66790912e-02 -2.25350410e-02
  2.01175865e-02  6.35312349e-02  1.36167379e-02 -6.23236150e-02
  4.21007611e-02  4.29502465e-02 -2.97123343e-02  1.37776192e-02
  6.68566301e-02 -3.65861156e-03 -1.49453310e-02 -1.24666067e-02
  3.39035466e-02 -5.69913462e-02 -4.27601822e-02  5.11826165e-02
 -1.16840430e-01  3.95590352e-04  5.53760044e-02  1.21982964e-02
 -1.86677985e-02 -4.30262694e-03 -6.20926134e-02 -1.59936324e-02
 -1.03556126e-01 -5.59261674e-03  7.53367459e-03  5.36242081e-03
  6.62297308e-02  1.31666930e-02  4.48024273e-02  4.40365309e-03
 -2.33817077e-03  2.48724669e-02  2.21779644e-02 -5.50334677e-02
 -1.27079681e-01 -1.89687293e-02 -1.81616694e-02 -4.92724730e-33
 -8.84665027e-02  2.38882769e-02 -2.63901055e-02  5.30763753e-02
 -2.49024257e-02  2.96051316e-02  7.51433382e-03  6.55379668e-02
  3.51012079e-03  5.76140098e-02 -7.95600843e-03  1.50158897e-01
 -2.37568133e-02  8.67294073e-02  6.39600828e-02  6.49070814e-02
  2.62780320e-02  1.48522807e-02  2.11001746e-02  6.22494332e-02
  2.70204730e-02 -3.47190686e-02  6.54441118e-02 -5.64562604e-02
  1.00534953e-01  5.31723909e-02  1.55522591e-02 -1.60771760e-03
  2.67543569e-02  2.61869039e-02  5.20505421e-02 -2.83123404e-02
 -1.44711554e-01 -1.53357489e-02 -4.62141111e-02  3.98643613e-02
 -9.81239751e-02 -4.14700210e-02 -2.65553799e-02 -5.04696891e-02
 -6.32440299e-02  3.39671113e-02 -4.27432619e-02  2.41860989e-02
  5.24443109e-03  4.24544066e-02  1.86765715e-02  5.76582970e-03
  6.67951703e-02  2.81366408e-02 -6.77843913e-02 -6.66535571e-02
  3.91427986e-02 -5.51738292e-02  9.73451436e-02 -7.29414914e-03
  4.58073243e-02  8.57647788e-03 -5.72017990e-02 -1.16008641e-02
 -1.32124370e-03 -3.20982933e-02 -1.11092262e-01  5.83545975e-02
 -3.46398242e-02  1.61747895e-02 -1.16181068e-01 -1.88172329e-02
  8.30131695e-02 -9.49636549e-02 -8.23450089e-03 -3.29199545e-02
  1.88258942e-02  1.06576078e-01 -3.71315926e-02  3.41912843e-02
 -3.43810096e-02  3.93252410e-02  1.99875887e-02 -8.67832545e-03
 -9.38427225e-02  4.19251919e-02  4.75000627e-02  3.10799782e-03
 -4.03001346e-02  5.32386489e-02  5.00448532e-02 -1.57181099e-02
  3.85767967e-02  2.72578876e-02 -5.58161773e-02  2.42472738e-02
 -3.65186622e-03  1.16717905e-01 -2.26239152e-02  2.86843322e-35
  3.74393053e-02  4.50585550e-03  1.54114030e-02 -4.67556752e-02
  9.61498320e-02 -1.73321571e-02 -3.62039581e-02  1.38897626e-02
  1.82586461e-02 -3.34714204e-02 -4.26190048e-02  3.61836888e-02
 -1.14999684e-02  1.30964741e-01 -2.96843704e-02 -1.46699734e-02
  5.94228767e-02 -2.86675710e-02 -3.44329514e-02 -2.00890228e-02
  4.31823768e-02 -1.12306345e-02  1.35989944e-02  2.20423285e-03
 -3.23304012e-02 -6.32516071e-02  3.79261523e-02 -6.79679289e-02
  2.69416552e-02  3.37764621e-02  4.40085158e-02  7.29500577e-02
  1.38881346e-02  8.80831033e-02 -1.44648641e-01  3.70330065e-02
  1.73171721e-02 -7.40947723e-02  1.17649157e-02  7.94913396e-02
  2.76266690e-02 -5.10946549e-02  2.60828957e-02 -5.31215779e-03
 -8.63619223e-02  4.15577181e-02 -3.83294933e-02  1.89753305e-02
 -3.28821428e-02 -3.21567208e-02 -1.02642752e-01  5.56885637e-02
 -2.62597706e-02 -4.80683669e-02  2.41020396e-02  6.02266705e-03
 -4.15073261e-02 -2.00617407e-02 -6.34207716e-03 -6.39752820e-02
  5.85030317e-02  8.98808092e-02  5.35606779e-02  4.86322902e-02
 -9.04428959e-02  1.06603233e-02  5.75989000e-02 -6.97644874e-02
 -1.02414014e-02 -3.55760045e-02  6.96646199e-02  2.88850740e-02
 -1.06875405e-01  3.98092382e-02 -1.75564233e-02  2.43475921e-02
 -4.04491127e-02 -4.51671258e-02  2.47817691e-02 -5.00810407e-02
  2.30832193e-02 -6.44245222e-02 -5.54568656e-02  6.03482351e-02
 -1.33288428e-02  4.32624370e-02  1.00198016e-03 -2.82459259e-02
  3.67035531e-02 -1.13948986e-01 -4.45178859e-02  8.75474513e-03
 -6.22289293e-02 -3.65331545e-02 -6.12249337e-02 -3.79621952e-08
 -4.22740504e-02 -5.62872998e-02  3.49493437e-02  8.41146931e-02
 -1.16624534e-01  6.01970032e-03 -7.37611651e-02 -5.84411956e-02
  3.64773683e-02  2.88915168e-02 -1.18146138e-02  1.46042742e-03
 -1.11289765e-03  8.03059619e-03 -3.81457135e-02  1.77105330e-02
 -2.00048443e-02  1.26611263e-01  7.48538151e-02 -6.43738871e-03
  6.02759607e-02  5.71794771e-02 -3.46877053e-02 -8.76483973e-03
  2.00814158e-02  5.54273231e-03 -6.48818836e-02 -7.30273733e-03
 -5.22531103e-03 -4.21613306e-02  5.74307889e-02  4.13369499e-02
  1.78437475e-02 -4.63266075e-02 -1.17497733e-02  7.76096135e-02
  2.23053824e-02 -5.44982664e-02  2.08677910e-02  1.14424191e-02
 -6.91963285e-02 -2.13495679e-02  6.08149506e-02 -4.06373143e-02
  1.89027879e-02 -6.54684045e-05 -2.96298787e-02  4.36592810e-02
  6.70214966e-02  9.43107810e-03 -2.05298588e-02  1.36320191e-02
 -3.96687314e-02 -1.91790629e-02  6.44332692e-02  2.08032522e-02
 -1.20806526e-02 -4.73741703e-02 -3.94684002e-02  3.26409079e-02
  3.54626738e-02 -9.39640403e-02 -6.65286183e-02  5.04691489e-02]"
Accounting,Undergraduate,Chandaria School of Business,"['business', 'maths_for_business', 'quantitative', 'professional_certification', 'capstone', 'internship', 'professional_certification_cpa', 'tax_practice', 'audit_methodology']","Covers financial reporting, auditing, taxation, and professional CPA certification preparation.","Accounting (Undergraduate, Chandaria School of Business) Attributes: business, maths_for_business, quantitative, professional_certification, capstone, internship, professional_certification_cpa, tax_practice, audit_methodology. Description: Covers financial reporting, auditing, taxation, and professional CPA certification preparation.","[ 1.14505915e-02  9.62737110e-03 -6.66118935e-02  3.41374837e-02
 -8.32054764e-02 -3.79165448e-02  7.27755670e-03 -3.58630009e-02
 -7.83853699e-03  1.79350283e-03  2.24783365e-02 -1.04962327e-01
 -3.99167724e-02 -2.34796274e-02 -5.12512401e-02 -2.14429349e-02
 -3.78380939e-02 -1.70983318e-02  9.45813656e-02 -1.53027279e-02
  8.74166610e-04  2.51275711e-02  2.34504901e-02  1.52276428e-02
 -3.55610698e-02 -2.29748171e-02 -1.07256062e-02 -3.23448144e-02
 -5.51469289e-02 -7.19754323e-02 -5.78339659e-02 -3.23979966e-02
  4.31575738e-02  1.14537235e-02  3.76242287e-02  5.70269115e-02
  4.18341421e-02  3.94225754e-02  1.19353592e-01  6.35267198e-02
 -7.63847306e-02  8.57027397e-02 -4.15325016e-02 -4.15021367e-02
 -2.97632385e-02 -2.45476663e-02  3.18732522e-02 -5.16030155e-02
 -1.55185517e-02  1.69950314e-02 -4.25901525e-02  9.40359756e-03
 -9.90765728e-03 -2.87577808e-02 -2.76417378e-02 -3.00519858e-02
 -2.00706464e-03 -2.90385932e-02  1.45103605e-02 -6.54696440e-03
 -1.13038838e-01  4.61183302e-02  5.07891066e-02  7.27245733e-02
  9.61059630e-02  5.44450171e-02 -4.72076237e-02  9.02684182e-02
 -5.50112724e-02 -2.96453983e-02 -3.36519368e-02 -4.93327864e-02
 -1.05722308e-01  3.81413288e-02  5.44149131e-02 -5.64829893e-02
  7.31672533e-03  4.90561649e-02 -2.84309983e-02 -2.05290746e-02
 -3.57221849e-02  9.05074328e-02 -3.96399274e-02  2.13802513e-02
  4.23732698e-02 -5.18495999e-02 -1.74311120e-02 -4.69651632e-03
  2.83039138e-02 -8.73437151e-03  5.95588125e-02  9.20864288e-03
  4.04762924e-02  4.13525570e-03 -8.34813062e-03  4.13440820e-03
  5.72234439e-03  1.84173249e-02  1.25333652e-01 -1.01233320e-02
  2.47638058e-02  3.69217130e-03 -6.71055391e-02  1.96222421e-02
 -1.17065683e-01 -1.23054571e-02  1.52640790e-01 -5.40338084e-02
  7.09165062e-04 -8.37173872e-03  2.41531488e-02  4.06748615e-02
 -1.61893547e-01 -6.17667027e-02  9.50958207e-02  1.33355379e-01
 -2.93021626e-03  3.73140201e-02  4.02279980e-02 -1.39891496e-02
 -6.34324700e-02  4.04281951e-02 -1.73392016e-02 -1.02513388e-01
 -2.48434325e-03 -2.66179759e-02 -4.88314405e-02 -2.50099519e-33
 -1.55459410e-02  5.14576919e-02 -2.51096743e-03 -2.24197959e-03
  4.67573432e-03  2.04279255e-02  1.19575486e-02  6.21695854e-02
  8.55138432e-03  7.74383321e-02  5.92676699e-02  1.29838094e-01
 -5.98935299e-02 -9.19957459e-03  5.85976876e-02  8.78247395e-02
 -4.14269008e-02  5.78812622e-02 -2.20670775e-02  1.90965049e-02
 -1.99770164e-02 -8.06504712e-02  7.72779286e-02 -3.37388702e-02
  6.41454235e-02  5.09156957e-02  6.51315879e-03  3.81118506e-02
  1.59869902e-02  1.01999696e-02  6.82534277e-02 -4.98989932e-02
 -2.54022833e-02 -2.01456118e-02  1.73643269e-02  1.01401219e-02
 -5.33306822e-02  9.92716057e-04  1.46591933e-02 -2.78586093e-02
 -2.53611896e-02 -1.08893793e-02  1.44373020e-02 -1.99950691e-02
 -7.09886253e-02  4.59576286e-02  6.42058766e-03  2.34952364e-02
  6.31549358e-02  7.81978108e-03  6.79300353e-03 -9.44906697e-02
 -2.56767347e-02 -3.74143831e-02  4.22402751e-03 -1.86343938e-02
  4.03631553e-02 -3.22441645e-02 -7.76301995e-02 -5.59024252e-02
  7.74611458e-02 -1.05493227e-02 -6.49026930e-02 -6.00066371e-02
 -1.11183986e-01  3.50117423e-02 -7.78505281e-02  5.87738380e-02
  1.44602552e-01 -1.02077253e-01 -2.24242061e-02 -4.37107049e-02
 -9.88267884e-02  1.10953964e-01  3.61445285e-02  1.67296305e-02
 -3.51565070e-02 -2.22281180e-02  2.58424543e-02  1.12632595e-01
 -4.69728708e-02  1.30921360e-02 -1.72443166e-02 -5.14930449e-02
 -1.92533471e-02  5.66483065e-02  5.63239530e-02  4.25088080e-03
  1.92455184e-02 -2.51028650e-02 -3.21349539e-02  4.38280404e-02
  6.30606040e-02  1.08343467e-01 -4.26453464e-02 -2.20541585e-33
  1.54367881e-02 -1.57433301e-02  1.41412988e-02 -8.53157043e-02
 -2.89655700e-02 -7.01057306e-03 -3.87327708e-02 -4.81619574e-02
 -7.27614213e-04 -1.61270518e-02 -4.82800044e-02 -2.92968061e-02
 -3.43341678e-02  4.97249700e-02  5.08512883e-03 -3.01018618e-02
 -1.47691108e-02 -6.25762111e-03 -3.65682766e-02 -6.24531927e-03
  4.63187061e-02  8.15745071e-02  1.16755210e-01  8.29447899e-03
  6.77512307e-03 -3.77882197e-02  1.28850257e-02  2.40278672e-02
  9.65538472e-02  2.69419942e-02  3.30655873e-02  7.62271788e-03
  2.82106362e-02  2.47993562e-02 -5.51368222e-02 -1.05670795e-01
  2.04611979e-02 -3.16474549e-02  2.43565012e-02  6.75745383e-02
  5.15027344e-02 -3.98735441e-02 -1.00195557e-02  4.73021455e-02
  3.25360931e-02 -8.06902498e-02  3.94927636e-02  3.18776667e-02
  1.04353474e-02 -1.63595099e-02 -1.82195250e-02 -3.89313661e-02
 -3.83274741e-02  3.42184212e-03 -2.23911280e-04  1.14292599e-01
 -2.44865343e-02 -6.59557711e-03  3.19229066e-02 -6.25892058e-02
  3.39122899e-02  3.61129716e-02  4.54811268e-02  1.03973895e-01
 -1.41451051e-02 -7.26636918e-03  1.78525539e-03  1.60424461e-04
 -5.50000034e-02 -4.53623161e-02  2.31523998e-02 -6.19759271e-03
 -7.78063834e-02 -1.66952536e-02 -1.27011970e-01  4.47075889e-02
 -8.24669152e-02 -4.57438342e-02  9.41008702e-03  7.73339439e-03
 -4.77884784e-02 -5.60310483e-03 -3.89838666e-02  2.25182585e-02
 -2.61196401e-02 -4.28828485e-02  4.26964276e-02 -1.46896377e-01
  1.48614245e-02 -5.40272519e-02 -1.53582394e-02 -1.78459603e-02
  1.75028145e-02  8.81172251e-03 -5.38840964e-02 -3.42901814e-08
 -1.76004060e-02 -2.38884315e-02  7.42100505e-03  3.99603993e-02
 -6.54285699e-02 -7.17689246e-02 -1.06445774e-01 -7.72467256e-02
  2.08589854e-03  2.63103824e-02  2.20620669e-02  1.02191539e-02
 -1.37999922e-03 -1.35167241e-02 -3.51233520e-02 -1.94479187e-03
  1.55375190e-02  7.11760670e-02  2.54271813e-02  9.70474910e-03
  6.92500398e-02 -7.09312782e-02  2.02047382e-03  5.28461374e-02
 -4.73919027e-02 -5.33235930e-02 -2.51382142e-02  5.77115268e-02
  1.08964434e-02 -1.08873971e-01  4.32619639e-02  2.45457180e-02
  1.11791380e-01 -6.43075332e-02  2.28345748e-02  4.94114421e-02
  1.47779593e-02 -4.54869159e-02 -7.11189909e-03  6.03084303e-02
 -5.91339208e-02 -9.27577168e-02  7.58893043e-02 -2.34738155e-03
 -2.87401918e-02 -2.52565965e-02 -6.60652742e-02  3.38790305e-02
  6.15588874e-02  2.33533122e-02  1.15203829e-02 -4.03735600e-02
  4.32581231e-02 -4.18837555e-02  1.07406080e-03  1.29548740e-02
  2.03363295e-03 -1.06628216e-03 -9.86974314e-02  1.92397572e-02
  1.23674065e-01 -1.30342292e-02  3.69731970e-02 -9.35870502e-03]"
Accounting,Masters,Chandaria School of Business,"['business', 'maths_for_business', 'quantitative', 'postgraduate', 'thesis', 'professional_certification', 'research', 'professional_certification_cpa', 'advanced_audit_research', 'tax_policy_analysis']","Advanced accounting program with research focus, preparing for CPA and policy analysis.","Accounting (Masters, Chandaria School of Business) Attributes: business, maths_for_business, quantitative, postgraduate, thesis, professional_certification, research, professional_certification_cpa, advanced_audit_research, tax_policy_analysis. Description: Advanced accounting program with research focus, preparing for CPA and policy analysis.","[ 6.04459923e-03  2.50532590e-02 -6.52026832e-02  1.96976718e-02
 -5.49778678e-02 -1.77578367e-02  1.50471199e-02  8.45063664e-03
 -4.28014919e-02  3.91828381e-02  5.59828291e-03 -1.02384634e-01
 -5.63818216e-02 -4.17496413e-02 -5.31333424e-02 -3.40665202e-03
 -1.95858558e-03 -4.73504253e-02  8.11251849e-02 -3.16612534e-02
  6.20677741e-03  3.14444490e-02  5.11758365e-02 -9.22485546e-04
 -3.36352922e-02 -1.76489521e-02 -7.53592001e-03 -2.02417392e-02
 -6.66336268e-02 -3.38435620e-02 -4.31609005e-02  4.21955856e-03
  3.81050594e-02  3.18301693e-02 -1.06395846e-02  7.12316409e-02
  1.97418276e-02  1.09830927e-02  1.16052084e-01  5.12920395e-02
 -8.03613737e-02  1.13291994e-01 -2.31764559e-02 -4.94169891e-02
 -1.34412991e-03 -2.07664408e-02 -5.94800897e-03 -3.57146598e-02
 -1.93483140e-02  6.14560954e-03 -4.37692218e-02  1.76008530e-02
 -2.25820439e-03 -5.03366813e-02 -6.50971085e-02 -3.62036005e-02
  2.21632738e-02 -4.24174070e-02  6.77256938e-03 -6.10162970e-03
 -9.44887921e-02  7.01297447e-02  4.87843454e-02  8.84581432e-02
  7.55975321e-02  2.17244141e-02 -5.08985370e-02  9.63962972e-02
 -6.00162148e-02 -2.08457522e-02 -1.86056402e-02 -5.66010587e-02
 -1.28613323e-01  2.51179766e-02  3.96648645e-02 -6.47356212e-02
  1.15318247e-03  5.89784048e-02 -2.31896639e-02 -1.32222995e-02
 -4.10544090e-02  8.70000124e-02 -3.96223180e-02  6.46685157e-03
  3.88783067e-02 -6.85196668e-02 -3.97437252e-02  5.13931690e-03
  3.28971483e-02  2.52216845e-03  7.94672072e-02 -7.75471621e-04
  3.98403779e-02  3.31057720e-02  2.47603059e-02  1.39181931e-02
 -6.38655014e-03 -1.82426143e-02  8.58799592e-02 -1.98775865e-02
  1.60295237e-02  1.03806453e-02 -6.03806116e-02 -6.58468402e-04
 -1.13657326e-01 -3.36589217e-02  1.83362931e-01 -1.50879240e-02
 -5.11078455e-04 -2.96775885e-02  1.27090300e-02  9.44347680e-03
 -1.21454947e-01 -7.46476203e-02  5.86683527e-02  1.09665535e-01
 -8.52721464e-03  3.86031419e-02  4.80017364e-02  2.52070045e-03
 -5.26178591e-02  1.97565537e-02 -2.40692757e-02 -1.07295878e-01
 -8.66697636e-03 -7.18181282e-02 -8.57844204e-02 -3.46027370e-33
 -2.75493506e-02  2.03530993e-02  5.29379795e-05 -2.17463676e-04
 -8.94652866e-03  2.03583036e-02  3.04383039e-02  5.62848151e-02
 -8.53349268e-03  6.91512153e-02  6.02259152e-02  1.24755882e-01
 -6.35637864e-02 -3.60158650e-04  3.44857275e-02  8.56498480e-02
 -2.30494067e-02  8.66561383e-02  2.52063032e-02  4.09108028e-02
 -7.89595954e-03 -4.30079363e-02  8.15789327e-02 -6.41124845e-02
  7.98463374e-02  6.53453618e-02  7.93261547e-03  4.54477631e-02
 -2.32326798e-02  1.83712281e-02  5.35296872e-02 -5.20850979e-02
 -7.78464973e-02 -3.58976275e-02 -9.80092585e-03  8.23233090e-03
 -5.91519549e-02 -1.27083864e-02 -5.49344812e-03 -2.38005929e-02
 -5.30863106e-02 -9.97796888e-04  1.60288438e-02 -1.94587875e-02
 -7.16094747e-02  6.87051639e-02  9.86135472e-03 -1.47288926e-02
  8.12560692e-02  8.53890460e-03 -1.20043196e-02 -1.01848550e-01
 -2.28963383e-02 -4.32822183e-02 -2.98958067e-02 -1.11168409e-02
  1.49475383e-02 -6.85766339e-03 -5.62621616e-02 -8.33185315e-02
  5.04674949e-02 -3.56058180e-02 -1.00168176e-01 -9.76266935e-02
 -1.17831506e-01  8.28181952e-03 -4.23826426e-02  2.11932771e-02
  1.64759263e-01 -8.17629248e-02 -2.35300511e-02 -4.47635911e-02
 -4.01385725e-02  8.93526524e-02  1.75368432e-02  2.17907932e-02
 -3.32001671e-02  9.56382416e-03  9.39468388e-03  1.42404631e-01
 -8.13567936e-02  2.65623834e-02 -2.40989700e-02 -7.44555146e-02
  2.66392808e-03  7.92435184e-02  5.72752766e-02  3.84277105e-02
  3.68567096e-04 -4.92528528e-02 -7.02204276e-03  4.71196100e-02
  2.33630538e-02  1.24532811e-01 -2.67818011e-02 -1.62492074e-33
  1.88315827e-02 -5.28723234e-03  2.98940600e-03 -7.20815435e-02
 -4.43527475e-03  9.09638964e-03 -7.32982680e-02 -4.55687642e-02
  4.20825044e-03 -4.00396176e-02 -5.71308173e-02 -3.09499409e-02
 -3.07071432e-02  5.08068576e-02  1.77267734e-02 -1.20779341e-02
  6.25212677e-04 -2.73829158e-02 -2.87972968e-02 -2.82828091e-03
  5.21996208e-02  6.40064254e-02  1.13501385e-01  6.41027046e-03
  2.55155619e-02 -4.26917635e-02  5.70372678e-04 -7.02072633e-03
  7.61006474e-02 -1.76144093e-02  3.07576396e-02 -2.56282166e-02
  8.47742520e-03  5.56806996e-02 -5.44886217e-02 -9.22398493e-02
  2.91273594e-02 -1.67322457e-02  1.03697996e-03  9.01873782e-02
  1.00031808e-01 -3.25453505e-02 -1.83386840e-02  8.58867168e-02
  3.80591676e-02 -4.75994647e-02  2.76320074e-02  2.48925984e-02
  2.38040704e-02 -1.20852394e-02 -8.17516632e-03 -3.48059647e-02
 -1.08944317e-02 -2.48434511e-03  2.01737937e-02  8.69569331e-02
  8.34164023e-03 -4.46598325e-03  1.83525495e-02 -4.37100828e-02
  5.47007211e-02  3.30269672e-02  4.17839140e-02  1.04873538e-01
 -1.99269541e-02  3.40214521e-02 -1.46494377e-02 -8.63496587e-03
 -4.77967747e-02 -5.68557009e-02  1.76090542e-02  1.80755742e-02
 -7.82345906e-02  3.46552171e-02 -1.08174697e-01  4.13476415e-02
 -6.59200102e-02 -4.98690754e-02  8.28013383e-03  3.51714492e-02
 -3.50284539e-02  2.14867899e-03 -4.56144586e-02  4.25648317e-02
 -2.27984767e-02 -2.65023857e-02  1.54991709e-02 -1.42137304e-01
  2.38411501e-02 -8.00469592e-02 -3.92373689e-02 -7.74116535e-03
  2.09587067e-02  6.07544743e-03 -6.96599633e-02 -3.67763491e-08
 -2.60377559e-03 -3.14429812e-02 -3.39366705e-03  5.04222140e-02
 -6.87870383e-02 -4.50368188e-02 -9.96095017e-02 -9.50014219e-02
 -1.56066846e-02  8.26234184e-03  1.41919712e-02  5.86639112e-03
  1.03406888e-03 -5.38338302e-03 -9.43494588e-03 -3.54487225e-02
 -4.15342208e-03  6.88659027e-02  4.12444472e-02  3.95593680e-02
  9.01799947e-02 -4.65618260e-02 -7.98316859e-03  4.46541421e-02
 -3.06427628e-02 -3.39660533e-02 -2.74692681e-02 -8.14490858e-03
  3.15120369e-02 -8.36268738e-02  3.29419896e-02  3.66187654e-02
  7.49812424e-02 -3.82678434e-02  2.50882152e-02  5.77157624e-02
 -9.01540858e-04 -5.61223030e-02  3.94864287e-03  6.37679398e-02
 -6.47923946e-02 -7.32379630e-02  9.49139893e-02 -1.89254526e-02
 -3.17688845e-02 -1.81115489e-03 -4.41635586e-02  3.61624584e-02
  6.81718364e-02  4.45493218e-03 -1.56566733e-03 -2.43877061e-02
  2.37043854e-02 -1.54391909e-02 -3.85789899e-04  5.28869045e-04
  2.37720124e-02 -1.86239183e-02 -8.75633061e-02  6.69329334e-03
  1.54364154e-01 -2.81064827e-02  1.45965815e-03  2.04721075e-02]"
Finance,Undergraduate,Chandaria School of Business,"['business', 'maths_for_business', 'quantitative', 'finance_focus', 'capstone', 'internship', 'financial_modeling_practice', 'valuation_projects', 'market_microstructure']","Emphasizes investment analysis, valuation, and financial modeling for corporate and global markets.","Finance (Undergraduate, Chandaria School of Business) Attributes: business, maths_for_business, quantitative, finance_focus, capstone, internship, financial_modeling_practice, valuation_projects, market_microstructure. Description: Emphasizes investment analysis, valuation, and financial modeling for corporate and global markets.","[ 6.43091649e-02 -2.49207374e-02 -9.03294012e-02  3.83533128e-02
 -1.92242290e-03 -6.35221004e-02  6.62777293e-03  3.19788754e-02
  1.18295914e-02 -1.42276157e-02 -2.49238722e-02 -5.19825481e-02
 -4.87149954e-02 -4.22328301e-02 -4.47800644e-02 -2.36213021e-02
 -2.47129183e-02 -5.95366023e-02 -1.88102107e-02  4.19739485e-02
 -6.13322249e-04  1.76277217e-02  8.63553956e-02  2.63423976e-02
  3.87705229e-02 -2.24242099e-02  3.85374241e-02  2.99795959e-02
 -7.25153163e-02 -5.30107096e-02  1.03202870e-03  7.88640678e-02
  7.46941864e-02  2.66014840e-02  4.90012430e-02  9.80339870e-02
  1.05184419e-02  5.30192629e-02  7.45066181e-02  6.71753287e-02
 -8.41489211e-02  2.68478561e-02  5.83912395e-02 -2.00256649e-02
  3.05377282e-02 -5.57621308e-02  5.01406342e-02 -3.91753539e-02
  2.68507842e-02  6.00233721e-03 -8.07544217e-02  2.07145102e-02
 -4.44446057e-02 -1.59528069e-02 -1.63358003e-02  4.67909127e-02
  2.85280030e-02 -4.35716882e-02 -2.88843066e-02 -2.72263642e-02
 -2.27264669e-02  2.76648998e-02  5.51559180e-02  8.50881636e-02
  6.45180196e-02  5.86514175e-02 -2.41598543e-02  7.97574595e-02
 -2.14109235e-02  2.56676413e-03  9.61106569e-02 -5.85818812e-02
 -1.45736143e-01  4.70599812e-03 -2.16443539e-02 -1.01119494e-02
  6.26422688e-02  1.14124611e-01  3.78562845e-02  5.39253419e-03
 -3.97137217e-02 -2.81756651e-02 -6.37428313e-02 -8.68944451e-03
 -1.16750440e-02 -2.87596043e-02 -1.07821114e-02  3.11166942e-02
  7.67394388e-03  1.59712508e-02 -7.53136910e-03  6.86763367e-03
  2.17670519e-02  4.75074090e-02  3.89674539e-03  3.23103704e-02
 -8.31647124e-03 -3.27215455e-02  4.72416282e-02  9.82743409e-03
 -1.34614122e-03 -3.90227996e-02 -4.89573106e-02  4.15997319e-02
 -7.16265514e-02 -4.89148758e-02  1.02560490e-01  3.63240838e-02
  3.21796946e-02 -5.27917705e-02  4.83880490e-02  2.45259441e-02
 -8.40548798e-02 -4.45774682e-02  1.45662958e-02  7.31425807e-02
  3.84612307e-02 -2.35204641e-02  1.75926704e-02  6.19245730e-02
 -3.94702591e-02  7.48413196e-03 -5.88140674e-02 -1.42603964e-01
 -9.34106112e-02 -1.11402988e-01 -1.72145948e-01 -2.13806700e-33
 -9.45170596e-02 -1.22928713e-02  1.93565786e-02 -1.58637967e-02
 -3.36991102e-02  1.89753212e-02 -2.16881372e-02  3.72735448e-02
 -1.01335973e-01  3.26964743e-02  6.80949017e-02  8.09448287e-02
 -3.80834937e-02 -6.51484868e-03  3.50673795e-02  4.65230569e-02
 -1.27593651e-02  2.79854052e-02  4.87011252e-03  1.46116968e-02
  1.74132865e-02 -2.55927425e-02  3.45759392e-02 -6.90913349e-02
  7.61648491e-02 -1.47970160e-02 -1.06908940e-02  1.59848444e-02
  7.31900334e-02  1.80697795e-02  3.27972807e-02 -8.44883919e-03
 -5.45736663e-02 -3.54438238e-02 -5.54872118e-02 -2.07374096e-02
 -8.27301890e-02 -2.25333050e-02 -1.33696776e-02 -4.83797565e-02
  6.76537631e-04  6.31486578e-03 -3.58405374e-02 -1.94607507e-02
 -4.36908230e-02  9.47212577e-02 -4.48193541e-03  5.16307354e-02
  1.56841688e-02 -5.25643714e-02 -1.00345254e-01 -4.99530286e-02
 -2.19324976e-02 -7.73447230e-02 -2.37552132e-02 -3.30571108e-03
 -8.93413462e-03  8.96809436e-03 -1.53099358e-01 -5.65966368e-02
 -2.03573983e-02 -5.86423315e-02 -2.89917327e-02 -9.25568193e-02
 -1.17791593e-01  5.16990945e-02 -6.49262220e-02  9.14140567e-02
  8.83409530e-02 -3.09762992e-02 -1.57395247e-02  2.21689865e-02
 -6.02315068e-02  1.23106845e-01  2.20348798e-02  1.38542028e-02
  1.66999567e-02 -2.44888831e-02  3.02121174e-02  1.45840585e-01
 -3.97755727e-02 -1.27124356e-03 -5.24803177e-02  6.77761883e-02
  4.91379295e-03  8.50048810e-02  5.43390960e-02 -4.16432321e-02
  3.85741182e-02 -5.60974702e-02 -4.54224274e-02  7.60624139e-03
 -4.26597558e-02  1.64172314e-02 -8.26317724e-03 -3.17167918e-33
 -3.62551282e-03  2.16564778e-02 -5.27492650e-02 -1.52312210e-02
  3.35278474e-02  2.92228162e-02 -6.50722161e-02 -2.69942619e-02
  2.79554650e-02 -1.03640687e-02 -2.59902682e-02  1.98346504e-04
 -7.75520131e-02  4.21512267e-03 -1.00667395e-01 -4.77489689e-03
  1.22791575e-02 -9.05487984e-02 -2.00432353e-02 -2.81218961e-02
 -1.21607962e-04  3.07205562e-02  4.51042540e-02 -2.65051872e-02
  3.52678075e-02 -3.56818773e-02 -5.28153367e-02  1.07565373e-02
  2.10438501e-02  5.36006689e-02  5.48621528e-02  3.12610045e-02
 -4.17818502e-03 -2.49673650e-02 -5.55420667e-02  1.10702310e-02
  1.01772942e-01 -6.31010532e-02  1.87808275e-02  1.23102106e-01
  8.27904046e-02 -2.45126970e-02  3.55220139e-02  1.99162075e-03
  2.24977117e-02 -2.57419236e-02  2.16381159e-02  2.82782689e-03
  5.94620332e-02 -4.72497009e-02 -4.59103361e-02  9.39786620e-03
 -2.18235259e-03  4.00076583e-02 -2.86531877e-02  3.47658545e-02
  2.07841862e-02 -9.37563647e-03  1.97980758e-02 -2.59238761e-02
 -2.23699887e-03  2.70727407e-02  3.24740224e-02  1.15537651e-01
 -1.11308619e-01 -5.11007383e-03 -5.55666536e-02 -3.59581374e-02
 -7.00142756e-02 -5.58580980e-02  1.27322916e-02  4.84698219e-03
  3.16139264e-03  1.07566230e-01 -1.04433253e-01  8.25640038e-02
 -4.87528257e-02 -3.25022899e-02  1.54709509e-02  9.08586010e-03
  7.13675693e-02 -3.00047547e-03 -5.85309938e-02  4.57080044e-02
 -3.92542891e-02 -6.68099672e-02  4.36857194e-02 -5.54077737e-02
  1.79754570e-02 -1.14060163e-01 -4.02769260e-02  2.99660657e-02
 -2.10283510e-02  1.72678176e-02 -1.39344454e-01 -3.93415149e-08
 -6.38419390e-02 -6.87738284e-02 -4.46397020e-03  4.64311503e-02
 -2.12673340e-02  2.43682675e-02 -4.26100791e-02 -9.52167362e-02
  4.63285521e-02  1.27354376e-02 -2.25327164e-03  5.15976995e-02
 -7.91100711e-02  2.30981298e-02 -5.75846061e-02  8.86582211e-03
  2.89666299e-02  5.55682927e-03  6.25677332e-02  1.90126877e-02
  1.04467630e-01  1.29526865e-03 -4.95595299e-03  3.74832526e-02
  2.46849153e-02 -5.33232503e-02 -6.62614452e-03 -2.61137746e-02
  5.49874492e-02 -5.68335280e-02  1.10772168e-02  5.58519028e-02
  5.06437123e-02 -4.81307395e-02 -3.55391540e-02  1.19136684e-01
  2.73776650e-02 -3.47703919e-02  1.06162196e-02  7.71078393e-02
 -2.30428372e-02 -8.82297456e-02 -2.14939322e-02 -3.51345800e-02
  4.71489988e-02 -1.19078523e-02 -1.38876699e-02  4.90431562e-02
  4.76280749e-02 -2.76950505e-02 -1.23598091e-02  1.52298855e-02
  1.93795003e-02 -8.27963464e-03  1.48932654e-02  3.34895626e-02
 -6.71658106e-03 -1.76885556e-02 -8.30373839e-02 -7.41489381e-02
  5.25718704e-02 -8.56085680e-03 -1.52703216e-02  2.18852125e-02]"
Hotel & Restaurant Management,Undergraduate,Chandaria School of Business,"['business', 'applied', 'service_industry', 'capstone', 'internship', 'service_industry_practice', 'hospitality_operations_lab', 'guest_experience_management']","Centers on hospitality operations, service management, and guest experience design.","Hotel & Restaurant Management (Undergraduate, Chandaria School of Business) Attributes: business, applied, service_industry, capstone, internship, service_industry_practice, hospitality_operations_lab, guest_experience_management. Description: Centers on hospitality operations, service management, and guest experience design.","[ 6.92202970e-02 -5.34140207e-02 -5.39043210e-02  6.36323988e-02
 -5.44874370e-02 -3.84818166e-02 -2.12459993e-02 -6.27658144e-02
 -5.44093214e-02 -7.83244555e-04  5.38573675e-02 -3.45647447e-02
  1.04382541e-02  4.00769114e-02  8.83246437e-02 -3.46701816e-02
  3.59719843e-02 -1.02157099e-02  6.46575168e-02 -3.86257321e-02
 -1.55010872e-04 -1.32960845e-02  9.75889061e-03  1.99725619e-03
  6.42084144e-03 -5.58899576e-03  1.36862341e-02  6.06273711e-02
 -6.78533912e-02 -7.68527687e-02 -3.70114259e-02  1.17073379e-01
  3.77524272e-02  5.09198196e-02  1.39351990e-02  1.15090191e-01
 -1.67074464e-02 -3.93596776e-02  8.74300227e-02  4.11073044e-02
 -6.42115325e-02  7.33286142e-02  1.72968879e-02 -3.46670784e-02
  1.49548706e-02 -4.57026903e-03 -5.27940355e-02 -2.88181882e-02
 -1.45467035e-02  2.13807803e-02  2.13219458e-03  2.52312068e-02
 -6.12344313e-03 -9.77302529e-03 -8.06525871e-02  1.94932800e-03
  8.86445399e-03 -6.52818382e-02 -4.93444577e-02 -1.23830475e-02
 -5.62797338e-02  6.15483709e-02  5.31107336e-02  8.00343081e-02
 -3.27877700e-02  3.17942491e-03 -6.10855147e-02  9.31062102e-02
  1.00926626e-02 -1.47328779e-01  3.18099633e-02 -8.10704678e-02
 -8.29678625e-02  5.34889149e-03  7.16976775e-03 -5.14382385e-02
  5.88211091e-03  2.38641556e-02  2.74542533e-02  1.93065815e-02
 -5.59655391e-02 -2.99940314e-02 -1.01830112e-02  4.76362556e-02
 -4.88718338e-02 -6.47425428e-02 -4.09141071e-02 -6.41338248e-03
 -3.38277072e-02  2.18526889e-02 -3.90438735e-03 -2.99007148e-02
 -4.56149094e-02 -6.25178069e-02  3.61334272e-02  2.37943158e-02
 -5.92072085e-02 -2.42803562e-02  2.98102219e-02  3.35150328e-03
  1.52026759e-02  1.17313182e-02 -2.76947208e-02  3.87980342e-02
 -4.51541841e-02 -3.89233828e-02  1.74742952e-01  3.73879932e-02
  6.01037815e-02 -4.27208170e-02  1.06271515e-02  5.02749421e-02
 -1.77067257e-02 -3.73528488e-02  1.79188345e-02  5.82475178e-02
  1.01372994e-01  1.30740367e-02  7.10296482e-02  2.63998043e-02
 -7.48320296e-03  3.91957425e-02 -1.28224175e-02 -7.64892399e-02
 -1.64542094e-01 -6.43805340e-02 -2.41734404e-02 -2.32242915e-33
 -8.62173066e-02  4.32748981e-02 -1.25097511e-02  1.40394289e-02
  9.78350192e-02  2.70849075e-02 -9.00046900e-03  2.94275638e-02
 -1.18174369e-03 -1.09491227e-02  6.92784116e-02  6.04227707e-02
  5.03855608e-02 -1.76597759e-02  7.80472457e-02  6.65048659e-02
  4.17531319e-02  6.53347969e-02 -1.20669166e-02 -4.16378751e-02
 -6.68350831e-02  1.13250753e-02  6.39566034e-02 -1.45668129e-03
  1.05685033e-02  2.97270454e-02 -5.15149999e-03  2.64633372e-02
  2.41733175e-02  5.09940181e-03  6.73370138e-02 -8.68679315e-04
 -6.02167994e-02  3.20809195e-03 -4.59545711e-03  7.82204494e-02
 -2.80665755e-02 -5.14412299e-02 -4.04752940e-02 -9.09571126e-02
 -1.06811374e-01  2.56276038e-02 -4.31053415e-02  5.36953360e-02
 -8.55797306e-02  5.52385002e-02 -7.61867780e-03  2.46282443e-02
  5.09025790e-02  4.29334976e-02 -1.13994531e-01 -4.22918871e-02
  7.66534964e-03  1.28575126e-02  1.01406015e-02 -3.26017365e-02
  8.50999728e-02  1.38362832e-02 -4.53059487e-02 -5.40276691e-02
 -9.20295622e-03  1.60128940e-02 -6.57252297e-02 -6.03005551e-02
  2.96014780e-03 -4.34200130e-02 -7.14906957e-03  2.57179141e-03
  1.58630177e-01 -5.48422448e-02  2.27353559e-03 -2.19054520e-02
 -3.96546647e-02  1.12053603e-01 -2.82610077e-02  2.19225604e-03
 -8.83404072e-03 -1.76277738e-02  1.43094258e-02  8.11659470e-02
  3.02611664e-02  1.77062815e-03  1.71714239e-02 -1.30754737e-02
 -2.57969019e-03  6.94532134e-03  9.09092203e-02 -4.35882546e-02
  8.78175348e-03  2.87226848e-02 -3.45248096e-02  3.86082046e-02
  4.54480574e-02  1.29707068e-01 -1.01353610e-02 -1.15397821e-33
  4.67417715e-03 -3.52651291e-02 -3.50573957e-02 -4.58958112e-02
  3.25016491e-02  1.44582028e-02 -9.66457576e-02 -9.24334675e-02
 -4.78527173e-02 -3.54437456e-02 -8.43123496e-02 -2.26307083e-02
 -2.98961885e-02  1.59301367e-02 -5.43198809e-02  5.80127127e-02
  7.52896667e-02 -4.07364704e-02 -6.69896156e-02  6.73123226e-02
  8.91049020e-03  1.17886432e-01 -1.33751510e-02  5.12159914e-02
 -3.14891562e-02  2.02956758e-02  7.32651725e-03 -1.70726441e-02
 -3.01575121e-02 -2.24271733e-02  1.47641422e-02 -1.75018162e-02
  3.70453969e-02  2.49861088e-02  4.47559776e-03  2.48661228e-02
  8.54978412e-02  1.54998358e-02 -4.89316061e-02  8.25268254e-02
  1.24853894e-01 -7.83670321e-02 -6.13922291e-02  5.73992394e-02
  3.97975519e-02 -2.41263378e-02 -2.30035279e-03 -3.90485674e-02
  3.78706232e-02 -4.97891903e-02 -7.11599588e-02 -8.54625553e-02
 -6.83789030e-02 -2.85399500e-02  2.95676850e-02  7.12804683e-03
 -5.07555790e-02  7.36886915e-03  4.49264096e-03 -8.11929852e-02
  6.80323690e-02 -2.37120762e-02  7.87365437e-02  8.15111995e-02
 -4.12010141e-02  1.57396719e-02  2.88045444e-02 -1.33558810e-02
 -7.23326579e-02 -3.01279463e-02 -3.49192023e-02  3.94313261e-02
  1.51245333e-02  1.08624041e-01 -1.12676345e-01 -2.63259113e-02
  3.64297302e-03 -4.37493324e-02 -3.10224276e-02 -8.24968293e-02
  1.26551939e-02 -7.90315196e-02 -6.28515780e-02  3.10654286e-02
  1.54148173e-02 -2.78279334e-02  4.12144512e-02 -3.47848497e-02
 -2.10047839e-03 -9.90766659e-02 -2.70546973e-02 -1.61473155e-02
 -6.53151870e-02 -2.52512842e-02 -2.58295909e-02 -3.52667868e-08
 -2.20411178e-02 -5.41512221e-02  3.46252485e-03  2.47886460e-02
 -8.55900422e-02 -7.11659193e-02 -3.21719125e-02 -7.04034045e-02
  3.70050445e-02  6.46331906e-02 -2.15994231e-02  4.33634706e-02
 -6.66055689e-03 -1.70744844e-02  8.80329497e-03  9.30980444e-02
  4.82298480e-03  9.58475396e-02  6.44334257e-02 -4.05566022e-03
  6.43352643e-02 -1.94190312e-02  4.01153862e-02 -3.47189680e-02
  9.91345663e-03 -3.28718638e-03 -9.17348340e-02 -8.12478364e-03
  4.27894592e-02 -8.05884674e-02  3.76123227e-02  7.99596589e-03
  3.28992866e-02 -5.14019802e-02 -6.60556660e-04  5.58100156e-02
 -1.46733383e-02 -9.87555757e-02  3.41605693e-02  1.33311665e-02
 -1.12720907e-01 -6.33904114e-02  9.34377220e-03  1.30629800e-02
 -5.08848811e-03  2.38401610e-02  2.67859250e-02  5.84163405e-02
  4.08694185e-02  8.23915470e-03 -4.95116934e-02  2.02603824e-02
  5.00776470e-02 -5.39791770e-02  1.41192134e-02  4.50497642e-02
  9.37457979e-02 -5.80510199e-02  2.38796473e-02  3.20970118e-02
  5.13488352e-02  2.04553045e-02 -5.16777821e-02 -2.47927029e-02]"
Business Administration (MBA),Masters,Chandaria School of Business,"['business', 'maths_for_business', 'postgraduate', 'leadership_focus', 'thesis', 'research', 'executive_focus', 'executive_capstone', 'case_competitions', 'leadership_coaching']","Advanced management program focusing on leadership, strategy, and executive decision-making.","Business Administration (MBA) (Masters, Chandaria School of Business) Attributes: business, maths_for_business, postgraduate, leadership_focus, thesis, research, executive_focus, executive_capstone, case_competitions, leadership_coaching. Description: Advanced management program focusing on leadership, strategy, and executive decision-making.","[ 5.75579330e-02 -4.51513752e-02 -4.08234298e-02  4.61352728e-02
 -3.32656391e-02 -2.08341470e-03  2.86253868e-03  6.06366317e-04
 -7.76701653e-03  4.36052121e-02  1.71977114e-02 -1.03934947e-02
 -3.11381631e-02 -6.05795421e-02  3.34212966e-02  2.47593373e-02
  2.05266941e-02 -3.01131420e-02 -3.19570228e-02 -1.10663995e-01
  2.65535014e-03  2.47124340e-02 -7.46583147e-03 -1.38635915e-02
 -7.66022205e-02 -1.21321557e-02 -3.44390012e-02 -2.47625709e-02
 -2.45412104e-02 -2.71988530e-02  3.02865747e-02  2.24732608e-02
  8.06272402e-02  7.93902054e-02 -2.14622766e-02  5.10501750e-02
 -9.06055234e-03  1.02745593e-02  1.39837772e-01 -3.65968905e-02
 -6.19208924e-02  2.12462153e-02  2.60572080e-02 -7.46091604e-02
  1.12679349e-02 -2.39244420e-02 -3.97949331e-02 -5.78308217e-02
  2.61924937e-02 -1.49905114e-02 -2.01104265e-02  1.33035975e-02
 -2.77737938e-02  1.04330378e-02 -4.10283692e-02  4.19403650e-02
  5.32748597e-03 -4.30888906e-02 -1.52994832e-02 -1.95833594e-02
 -1.22280478e-01  2.55784746e-02  4.07104343e-02  5.64718544e-02
  7.25072343e-03  1.49168121e-02 -2.41765101e-02  1.64381154e-02
  2.03695055e-02 -3.68931331e-02  7.58457556e-02 -1.24913856e-01
 -7.89647177e-02  4.83524166e-02  4.71020024e-03 -4.89253476e-02
 -3.94634699e-04  5.93925528e-02  7.84905721e-03  1.30454721e-02
 -3.65462974e-02  5.54235578e-02 -7.20644668e-02 -7.49686034e-03
 -1.40886204e-02 -5.97663969e-02 -7.96992332e-02 -1.25461454e-02
  1.32276947e-02  7.43308812e-02  3.31332535e-02 -4.82189134e-02
 -2.07694247e-02  2.52327081e-02 -5.19397780e-02  3.89872730e-04
 -2.35877726e-02 -5.90066090e-02  1.25673600e-02 -1.25544891e-02
 -3.04704960e-02  1.80476345e-02 -5.40120937e-02 -7.00745452e-03
 -1.16497405e-01 -4.81829830e-02  1.22515872e-01  2.12467625e-03
  3.93242715e-03 -1.78278815e-02  3.30546200e-02 -3.55426641e-03
 -4.11311463e-02 -3.23367193e-02  8.79796036e-03 -1.40980985e-02
  3.56521271e-02  1.72227137e-02  1.75330453e-02  7.96254873e-02
 -6.70050783e-03  5.94743229e-02  4.83921021e-02 -8.73291716e-02
 -8.39605108e-02 -7.91987702e-02 -4.31247465e-02 -3.45318069e-33
 -3.07959467e-02 -4.54240441e-02  2.77933162e-02  5.67606799e-02
  1.92332419e-03  1.65394191e-02 -2.20821593e-02 -4.04021423e-03
  5.44161024e-03  3.93088907e-02  3.73836085e-02  1.34038463e-01
 -3.28171887e-02  2.04391568e-03  5.51478900e-02  4.51938882e-02
  4.71309852e-03  3.67590934e-02  9.52157006e-03  5.72449341e-02
 -5.40653244e-02  1.86057724e-02  1.33943800e-02 -1.27475291e-01
  5.72431535e-02  6.10341616e-02  8.07690173e-02  4.83949929e-02
  9.48763639e-02  2.73526721e-02  2.61484552e-02 -5.94386086e-02
 -1.53330371e-01 -9.57621913e-03 -7.24881068e-02 -1.13297021e-02
 -1.11786500e-01 -2.32790485e-02 -1.19884890e-02 -8.21268037e-02
 -8.89049843e-02 -1.12117790e-02 -1.20839104e-02 -1.52609199e-02
 -5.47608323e-02  3.30956802e-02 -1.72002725e-02 -3.83113474e-02
  7.96260759e-02 -6.34795288e-03 -1.60260254e-03 -1.04828730e-01
  8.51962492e-02 -9.33505408e-03  1.87893305e-02  2.76266481e-03
  8.85233097e-03 -5.41049056e-03 -1.16862236e-02  5.83311601e-04
  4.51429151e-02 -1.62562244e-02 -8.34870487e-02 -6.86593936e-04
 -1.68472435e-02 -3.34301926e-02 -2.92662252e-02  3.76651883e-02
  9.07206908e-02 -4.07680497e-02 -1.56387947e-02 -6.54639751e-02
  2.02642586e-02  8.33705664e-02 -4.88465428e-02 -2.26699095e-02
 -3.21324356e-02  5.92866577e-02 -5.33221811e-02  5.28519489e-02
 -7.53970537e-03  3.59147191e-02  5.22132218e-02  2.60411948e-02
  2.19299570e-02  9.43833813e-02  1.65687501e-02  1.74014382e-02
 -2.74420902e-02  6.79360190e-03 -8.04255381e-02  8.91569555e-02
 -7.76345958e-04  1.91898137e-01 -2.54579447e-02 -1.76865523e-33
  5.85466065e-02  1.34373223e-02 -1.52210006e-02 -2.01764964e-02
  5.37816361e-02  3.62161174e-02 -1.68389920e-02 -1.96573157e-02
 -6.65184632e-02 -5.50588891e-02 -4.00729589e-02  7.22579705e-03
 -3.52827422e-02  4.16253880e-02  3.85687849e-03 -3.07574905e-02
  7.04358220e-02 -4.40552384e-02 -6.69269264e-02 -8.50614626e-03
 -1.75574832e-02  8.33141208e-02  3.65068577e-02  4.90550708e-04
 -1.08110858e-02 -5.16315736e-02 -1.15765631e-02  5.05974516e-02
 -1.52097121e-02  2.23194640e-02  6.67706579e-02  2.43824646e-02
  4.46543051e-03  2.66018435e-02 -6.10681809e-02 -5.22119850e-02
  4.42887954e-02 -9.28490311e-02  4.89858314e-02  1.00460589e-01
  5.18580228e-02 -4.46359254e-02  4.13268507e-02  5.84140467e-03
  7.02585205e-02  2.80644819e-02  1.46445222e-02 -4.75403406e-02
  1.66813936e-02 -5.35348244e-02 -9.96770486e-02 -2.57411003e-02
 -7.59347156e-02 -1.44379614e-02  7.78119788e-02 -8.99892766e-05
 -1.39470519e-02 -7.40656629e-02  5.99472560e-02 -3.91204171e-02
  2.49204580e-02  3.67346220e-02  1.04930677e-01  3.76322493e-02
 -8.02898481e-02  1.16157897e-01  8.24726969e-02 -3.72146703e-02
 -6.18231632e-02 -1.24582006e-02  7.09513649e-02 -8.05041578e-04
 -3.16285864e-02  8.29764083e-02  7.24847720e-04  6.68792129e-02
  1.47071667e-02 -7.48815201e-03 -1.08729508e-02 -5.18902130e-02
 -5.53593133e-03 -4.66964506e-02 -9.81325582e-02  6.16734922e-02
 -4.19651233e-02  1.50854571e-03 -8.71968176e-03 -1.04975775e-01
 -4.16193064e-03 -9.41754282e-02 -3.73232625e-02 -6.31713197e-02
 -1.56201015e-04  3.96228302e-03 -4.65080179e-02 -3.92230497e-08
 -3.27541083e-02 -5.24721965e-02  1.44921793e-02 -2.61348598e-02
 -4.07615751e-02  3.15548806e-03 -9.01085958e-02 -6.69695511e-02
  7.99456611e-02 -3.85468677e-02  3.58388908e-02 -1.05410442e-01
 -5.31198122e-02  4.84023839e-02 -4.27524969e-02  4.19853404e-02
 -4.99386825e-02  8.22441280e-02  7.80400410e-02 -1.25760427e-02
  7.55041093e-02 -1.14224404e-02  3.92820723e-02  1.49065983e-02
  1.86269302e-02 -1.03932256e-02 -8.14369321e-02 -5.46563193e-02
  1.90450326e-02 -3.15302201e-02  5.33759296e-02  3.50162834e-02
  4.98791821e-02  1.43387923e-02 -1.47587368e-02  3.53421122e-02
  3.31194885e-03 -4.66825068e-02  1.74570158e-02  4.75773662e-02
 -7.12979436e-02 -8.73064324e-02  1.00996725e-01 -4.74299379e-02
 -2.67316867e-02  5.84393553e-02  3.36132012e-02  7.94586688e-02
  1.16000697e-03 -3.95778194e-03  3.31692584e-02  3.77404653e-02
  1.64814070e-02 -1.85678515e-03 -2.46121362e-02 -2.00384595e-02
  4.78246585e-02 -6.87614679e-02 -8.17955434e-02 -1.67997032e-02
  1.20678917e-01 -6.32151216e-02 -8.40138271e-02  7.00399205e-02]"
Global Leadership & Management,Undergraduate,Chandaria School of Business,"['business', 'leadership_focus', 'global_focus', 'capstone', 'internship', 'cross_cultural_leadership', 'global_policy_simulations', 'organizational_psychology_intro']","Explores cross-cultural leadership, organizational psychology, and global policy management.","Global Leadership & Management (Undergraduate, Chandaria School of Business) Attributes: business, leadership_focus, global_focus, capstone, internship, cross_cultural_leadership, global_policy_simulations, organizational_psychology_intro. Description: Explores cross-cultural leadership, organizational psychology, and global policy management.","[ 2.18736380e-02 -1.60377137e-02 -7.85279740e-03  7.09587755e-03
  4.08194698e-02 -6.13720156e-02 -3.37880328e-02 -4.48386148e-02
 -5.90539835e-02  3.68418209e-02 -5.46239280e-05 -2.62553804e-02
 -1.18262535e-02  7.30077038e-03  2.34755408e-02 -2.21403372e-02
 -7.07295462e-02 -2.30599418e-02 -8.13087150e-02 -1.23050794e-01
 -2.11311108e-03 -6.60950318e-02  7.24989548e-02  3.68796661e-02
 -6.79636076e-02 -3.97521593e-02  8.24265124e-04  7.58637395e-03
 -3.69894430e-02  1.04720229e-02 -9.70900711e-03  6.00806847e-02
 -1.93932746e-02  6.25284463e-02 -2.56276615e-02  1.20525166e-01
 -7.52703249e-02  9.90541093e-03  7.56346658e-02  2.99266330e-03
  1.49408868e-03  6.89687282e-02 -1.43090999e-02 -1.41691463e-02
 -1.79693382e-02 -9.91374254e-03 -2.19596364e-02 -3.67071405e-02
 -7.48097226e-02 -6.54350268e-04 -8.26814864e-03 -1.88148618e-02
 -2.26392765e-02 -1.18522635e-02 -1.04618166e-02  1.17001310e-02
  2.47913692e-02 -7.53122717e-02 -3.03797727e-03 -2.99244262e-02
 -1.01265416e-01 -4.82747816e-02  3.76724079e-02  8.87520909e-02
 -6.66538114e-03  9.02543589e-03 -5.09989001e-02  1.34203479e-01
 -3.25216390e-02 -8.71093422e-02  7.90953413e-02 -8.48409534e-02
 -1.53724253e-02  3.97341512e-02 -1.44706909e-02 -5.38516976e-02
  1.62484013e-02  1.67730171e-02  2.37052571e-02  4.76285070e-02
  5.71891852e-02  4.32863571e-02  4.21379656e-02  2.67022941e-02
  3.27906795e-02 -7.34777302e-02 -7.04076663e-02  9.28247347e-03
 -2.66496800e-02  4.25646380e-02 -1.72951035e-02 -5.38229644e-02
  1.63486674e-02  8.34541917e-02 -9.01405066e-02 -3.33687961e-02
  2.93839462e-02 -2.76702899e-03 -2.64189839e-02 -1.52806258e-02
  8.47638212e-03 -7.85930827e-02 -3.49492696e-03  3.88869382e-02
 -1.10819332e-01 -1.82639044e-02  8.43198299e-02  3.32474969e-02
 -4.79174815e-02 -3.00435927e-02 -4.85747792e-02 -6.50465908e-03
 -8.21442828e-02 -2.36733072e-02  6.61490485e-02  1.32981325e-02
  3.50337811e-02  2.18053516e-02  1.66871846e-02  6.63340790e-03
  1.93810719e-03 -9.83263552e-03  3.35020870e-02 -6.55942112e-02
 -1.25802726e-01 -8.56689364e-03 -2.18292903e-02 -3.35646028e-33
 -1.38130328e-02  8.75109865e-04 -1.54863354e-02  4.23477069e-02
  2.24127844e-02  4.70886789e-02  5.59996851e-02  7.70576671e-02
 -3.86802219e-02  2.02893559e-03  5.10243028e-02  1.48288637e-01
  8.58075731e-03  9.04432163e-02  8.50674044e-03  4.57512401e-02
  1.54772801e-02  3.28532904e-02 -5.15936175e-04  7.24403933e-02
  1.27833746e-02  2.02669036e-02  7.69269541e-02 -6.02286085e-02
  7.88568407e-02  7.21444469e-03 -2.34792158e-02 -4.65793647e-02
  3.18072736e-02  5.47697544e-02  4.78007086e-02 -3.70605178e-02
 -1.36677414e-01 -4.03515855e-03  1.28624737e-02  4.59344648e-02
 -8.58979151e-02 -4.41367403e-02 -2.83310153e-02 -6.15868196e-02
 -4.33415286e-02 -9.33917519e-03 -3.03583127e-02  2.14659665e-02
  2.87549775e-02  1.30484076e-02  2.22611018e-02 -3.08945328e-02
  4.32641730e-02  5.91611676e-02 -1.02453262e-01 -3.77151519e-02
  3.81203294e-02 -8.05055052e-02  8.00736770e-02  2.14605834e-02
  8.13811719e-02  4.19149660e-02 -6.37458265e-02 -8.17420110e-02
  5.92812151e-03 -4.13196608e-02 -1.23342268e-01  1.42761301e-02
  3.17048691e-02  1.67390909e-02 -1.09507591e-01 -1.25822192e-02
  1.12631433e-01 -8.97002518e-02  2.58756857e-02  1.54325610e-03
  1.17633799e-02  1.36500597e-01 -2.56742630e-02  3.88330850e-03
  7.14977225e-03  2.24508382e-02  2.05961498e-03  6.59852624e-02
 -9.93167311e-02  2.32641585e-02  2.84893978e-02 -7.90463947e-03
 -2.79616751e-02  9.68598574e-02  8.35180208e-02 -1.55811096e-02
  2.39730831e-02  6.99649453e-02 -5.21962419e-02 -2.86464822e-02
  2.39023268e-02  8.95140097e-02 -6.33887574e-02 -1.49307288e-33
  6.24293275e-02  1.23374898e-03  4.31326181e-02 -4.83770519e-02
  1.06533818e-01 -1.80689804e-02 -8.51853862e-02 -3.42285894e-02
 -7.00355694e-03 -3.75409499e-02 -1.06597561e-02  1.74624864e-02
  2.30903318e-03  1.11855492e-01  2.73562828e-03 -7.16442894e-03
  6.11310676e-02 -3.75019573e-02 -5.50301671e-02 -4.02407162e-02
  9.20200497e-02  5.85709512e-02 -4.81194481e-02  6.64843395e-02
 -4.28599045e-02 -5.42391874e-02  3.37866955e-02 -4.85168174e-02
  7.28640258e-02  6.97322786e-02 -9.72134236e-04  8.00446048e-02
  9.26503260e-03  6.75964355e-02 -8.41131210e-02 -1.27207385e-02
  6.17762655e-03 -5.35094924e-02 -4.41772267e-02  5.18371016e-02
 -1.33219743e-02 -6.04657866e-02  2.78217383e-02 -3.65138650e-02
 -5.26948534e-02  3.16932611e-02 -6.79876059e-02 -2.53561023e-03
 -7.54855499e-02 -1.11673949e-02 -9.07280892e-02  1.32446149e-02
 -7.39896968e-02 -4.04041484e-02  6.58060163e-02 -2.45273132e-02
 -4.55173589e-02 -6.97632134e-03 -4.35038991e-02 -8.90755281e-02
  8.15811008e-02  4.19599144e-03  7.55643472e-03  4.35110182e-02
 -8.44414234e-02  3.65576660e-03  3.26751694e-02 -6.15495481e-02
 -1.97190754e-02 -1.26061467e-02 -2.08982956e-02  4.77469265e-02
 -1.14404477e-01  4.06782143e-02 -4.29014750e-02  4.53854017e-02
 -5.34313060e-02 -7.83931464e-02 -2.60459855e-02 -5.48700541e-02
  5.29624857e-02 -5.05538844e-02 -1.15554621e-02  5.96589558e-02
  1.21210609e-02  1.60466135e-02 -3.62935592e-03  3.14136371e-02
  9.87556670e-03 -9.71823931e-02 -2.93905735e-02 -3.36194783e-02
 -8.00636634e-02 -4.01290469e-02 -6.41360432e-02 -3.21792832e-08
 -2.96170246e-02  3.33744772e-02  3.84726785e-02  8.73840004e-02
 -5.83931059e-02  8.13014060e-02 -3.86386625e-02 -9.78643820e-02
  6.52933642e-02  4.19089273e-02 -5.04143070e-03  6.71194270e-02
  3.17386761e-02  7.69880367e-03 -4.05779108e-02 -3.02406866e-02
 -7.41373375e-03  3.47055905e-02  9.54057872e-02  1.42678097e-02
  3.10693290e-02  3.39971520e-02 -4.51926179e-02 -2.85348436e-03
  2.20549083e-03  1.55008854e-02 -1.24694072e-01  7.76943564e-03
  1.16849048e-02 -6.46244809e-02  6.59901425e-02  9.36020818e-03
  2.58039366e-02 -1.79372244e-02 -2.28475314e-03  4.40680459e-02
 -1.11693740e-02 -3.75107490e-02  2.87588537e-02 -4.67373477e-03
 -2.17461288e-02 -6.21061074e-04  9.30859745e-02  2.83762980e-02
 -8.40696506e-03 -1.42393624e-02 -6.89801481e-03  4.44403626e-02
  4.64773830e-03  3.90851982e-02 -9.68891289e-03  4.79589356e-03
 -4.56135049e-02  1.99861526e-02  5.82696386e-02  5.35279186e-03
  2.97852512e-02 -2.06917915e-02 -6.08179830e-02  3.91129814e-02
  5.14948554e-02 -5.98111451e-02 -1.03692107e-01  3.69337350e-02]"
Global Banking and Finance,Masters,Chandaria School of Business,"['business', 'maths_for_business', 'postgraduate', 'quantitative', 'global_focus', 'thesis', 'research', 'international_financial_regulation', 'sovereign_risk_analysis', 'global_markets_lab']","Examines international financial systems, sovereign risk, and global market operations.","Global Banking and Finance (Masters, Chandaria School of Business) Attributes: business, maths_for_business, postgraduate, quantitative, global_focus, thesis, research, international_financial_regulation, sovereign_risk_analysis, global_markets_lab. Description: Examines international financial systems, sovereign risk, and global market operations.","[ 5.77006228e-02 -4.73332740e-02 -7.00839087e-02 -2.21379716e-02
  1.71808375e-03 -8.16405714e-02  2.13497169e-02  4.89341319e-02
 -1.72486454e-02 -3.78631498e-03 -3.17016132e-02 -2.38121189e-02
 -5.51833175e-02  2.00447161e-02 -4.80312668e-02 -3.86487395e-02
 -5.63724898e-02 -6.37278780e-02 -4.28944826e-02 -1.92260761e-02
  3.24625932e-02 -5.29723354e-02  4.89528775e-02 -2.07392648e-02
 -4.24518902e-03 -7.80613944e-02  2.61241831e-02 -1.64515898e-02
 -4.81843203e-02  2.58094305e-03 -2.87576802e-02  9.92187336e-02
 -3.79090058e-03  1.15663297e-02  3.90149988e-02  6.07969835e-02
  2.09831931e-02  4.17359099e-02  7.88873583e-02  1.20648369e-02
  1.82468202e-02  6.09502196e-04  5.47467656e-02 -3.30660567e-02
  1.86219104e-02 -1.08704763e-02  1.90081112e-02 -5.27952099e-04
 -4.35858257e-02  3.17155495e-02 -4.68553975e-02  6.53853733e-03
 -6.65306970e-02 -5.24568483e-02 -9.63608827e-03 -2.44320240e-02
  1.12291435e-02 -7.79221132e-02 -2.01080311e-02 -3.10269017e-02
 -3.27547938e-02  3.30338925e-02  7.05816671e-02  9.78649855e-02
  6.19571507e-02  2.40726350e-03  6.24428270e-03  1.26703784e-01
 -1.17655918e-02 -3.13604251e-02  7.77791440e-02 -1.32922187e-01
 -1.00005180e-01  1.39275771e-02 -5.98037951e-02 -3.80059294e-02
  3.96529213e-02  6.00113273e-02  6.73075542e-02  2.31233183e-02
  3.64658423e-02  7.59560009e-03  3.67715023e-02 -3.53660509e-02
  1.26249548e-02 -7.12342411e-02  1.31677079e-03  6.17053173e-03
 -5.48267970e-03  4.08271551e-02  8.07469338e-03 -6.01856634e-02
  6.82166666e-02  7.44566470e-02  6.43976964e-03 -5.14890961e-02
  3.24567929e-02 -2.89528836e-02  4.30337228e-02  6.84735924e-03
  6.43330812e-02 -4.62550782e-02  2.54591624e-03  9.96002629e-02
 -1.05988480e-01  3.82056693e-03  6.45840317e-02  5.81289604e-02
  2.02593878e-02 -7.55225793e-02 -6.85400516e-02  4.66612428e-02
 -7.05732852e-02 -6.27364069e-02  7.20315729e-04  4.49466780e-02
  2.32530646e-02 -1.79918017e-02  4.93840547e-04  6.77764341e-02
 -1.34625367e-03  4.76475209e-02 -3.66791710e-02 -8.81754011e-02
 -1.25537619e-01  1.18905753e-02 -9.93312523e-02 -3.69090018e-33
 -7.50847459e-02 -3.21659446e-02  8.49014614e-03 -2.36751009e-02
 -4.39032987e-02  6.06521368e-02 -1.59198344e-02  6.92737699e-02
 -6.52801767e-02  5.21258414e-02  1.69564057e-02  7.90250972e-02
 -1.15011055e-02  5.07829897e-02  9.48556140e-03  1.05041154e-01
  2.94220205e-02  2.15537250e-02  8.20005536e-02  9.47646126e-02
  1.59763396e-02 -8.78496654e-03  6.92178458e-02 -1.52358823e-02
  9.71612930e-02 -1.83558315e-02 -2.15199590e-02 -2.14682315e-02
  3.07255946e-02  4.44561131e-02  2.83616912e-02 -7.98764080e-02
 -9.79963243e-02 -5.68916369e-03 -2.24974137e-02  4.02504131e-02
 -7.51617625e-02 -3.07526290e-02 -1.13861207e-02 -6.64189905e-02
 -3.44601758e-02 -8.56233668e-03 -2.65967026e-02  6.38885424e-02
  3.38729424e-03  9.41752419e-02 -1.39671713e-02  2.41640955e-02
  8.26190319e-03  1.27952378e-02 -1.17633775e-01 -2.69706231e-02
 -8.31536800e-02 -8.11763257e-02 -9.44023195e-04  2.42380910e-02
 -2.24177986e-02  2.69092470e-02 -1.40719146e-01 -6.54700994e-02
 -4.75431718e-02 -7.08558410e-02 -1.59977913e-01 -2.51851641e-02
 -8.68979190e-03  6.80744573e-02 -7.50219896e-02  2.79123858e-02
  5.71633093e-02 -7.53033757e-02 -6.16151281e-02  1.82948429e-02
  5.80450781e-02  9.91003662e-02 -1.51588616e-03 -1.69503596e-02
  2.32544504e-02  3.45455706e-02 -1.87280737e-02  1.05286583e-01
 -7.22505078e-02  3.78137417e-02 -6.31661294e-03  1.11028124e-02
 -6.01232126e-02  8.76339823e-02  8.33120123e-02 -4.59192172e-02
  3.76515202e-02 -4.43346463e-02 -7.36666918e-02 -1.59244779e-02
  3.95062752e-02  4.19522226e-02 -3.63342613e-02 -1.20586040e-33
 -3.55975032e-02 -1.68500934e-02 -6.23811372e-02 -7.93090090e-03
  2.63209194e-02 -4.72568063e-04 -6.37686551e-02 -2.44939215e-02
 -1.44320801e-02 -7.72259943e-03 -3.11137363e-02  3.22173387e-02
  2.64353603e-02  9.31050330e-02 -3.83907370e-02 -1.48040813e-03
 -2.77322363e-02 -4.49910127e-02 -3.94256935e-02 -3.04791946e-02
  7.48282969e-02  2.32991707e-02  5.87220453e-02  6.66918792e-03
 -6.47361483e-03 -1.69168878e-02 -3.25912945e-02 -5.81604578e-02
  2.16517728e-02  7.41729885e-02  7.38458848e-03  1.16152391e-01
 -2.33116876e-02  7.21990541e-02 -1.02653280e-01 -2.57209279e-02
  4.24585156e-02 -6.91235140e-02 -2.75654085e-02  1.02453083e-01
  5.19626476e-02  1.08575234e-02 -6.32268842e-03 -3.46835665e-02
 -2.34432518e-02  8.03569853e-02  1.13821756e-02  6.48411736e-02
  5.66883571e-02 -5.15358709e-02 -2.82867718e-02  4.73042168e-02
 -8.89471266e-03 -3.91816348e-03 -6.87714992e-03  3.74494307e-02
  3.30231152e-02 -3.08284499e-02 -2.67178491e-02 -9.12686624e-03
  6.66148067e-02  5.95865324e-02  2.62260791e-02  8.93915594e-02
 -5.40217571e-02 -5.05117998e-02 -3.31105329e-02 -2.07807459e-02
  3.51570100e-02 -6.96395934e-02  1.29428310e-02  3.32378298e-02
 -5.24120778e-02  5.91953732e-02 -1.71662588e-02  8.73869807e-02
 -5.56900427e-02 -1.12794571e-01 -8.94307718e-03 -3.45931575e-02
  7.41157755e-02  9.90996324e-03  1.99973639e-02  7.07223043e-02
  3.26466188e-02 -5.07173911e-02  3.96604426e-02 -9.51956492e-03
  2.68675219e-02 -9.80397016e-02 -6.76954687e-02  8.35801754e-03
 -3.13741416e-02 -5.54021560e-02 -1.24745198e-01 -3.50644989e-08
 -4.70932499e-02 -3.55820209e-02 -2.15851460e-02  6.07398152e-02
 -7.29931593e-02  5.03386781e-02 -7.34649077e-02 -6.46213442e-02
  4.19328600e-04  3.34712975e-02  1.89854652e-02  4.77000028e-02
 -6.86177537e-02  2.80302018e-03 -6.08350001e-02 -1.83561235e-03
 -1.62901599e-02  2.16630492e-02  4.82099093e-02  3.09917163e-02
  7.49407262e-02  2.29650512e-02 -4.24389914e-02  8.09418387e-04
 -1.00973146e-02 -5.04968502e-02  1.27805080e-02  1.37796551e-02
  7.01464266e-02 -5.48019558e-02 -2.41993405e-02  3.92675698e-02
  2.94061992e-02 -3.75006981e-02 -3.20449211e-02  9.15508419e-02
  3.89064923e-02 -2.84197945e-02 -5.29306894e-03  4.14114743e-02
 -6.56622723e-02 -5.64843416e-02  2.70335842e-02 -2.15560757e-02
  5.32254875e-02 -4.93886508e-02 -3.38997040e-03  3.98131907e-02
  1.00794189e-01  7.81155517e-03 -6.57621995e-02 -1.51598360e-02
  1.15664518e-02  3.30060050e-02  8.68699253e-02  3.14703993e-02
 -4.02042791e-02 -3.65969501e-02 -5.16229533e-02 -1.87015142e-02
  4.21633162e-02 -3.90057750e-02 -2.38634665e-02 -1.59451906e-02]"
Global Business Management,Masters,Chandaria School of Business,"['business', 'postgraduate', 'global_focus', 'leadership_focus', 'thesis', 'research', 'global_strategy_capstone', 'cross_border_mergers', 'multinational_management_practicum']","Develops skills in multinational strategy, mergers, and global organizational management.","Global Business Management (Masters, Chandaria School of Business) Attributes: business, postgraduate, global_focus, leadership_focus, thesis, research, global_strategy_capstone, cross_border_mergers, multinational_management_practicum. Description: Develops skills in multinational strategy, mergers, and global organizational management.","[ 5.21455929e-02 -4.42943200e-02  1.96875818e-03 -2.59118378e-02
 -8.28662701e-03 -5.55523373e-02 -2.48234216e-02  1.73764396e-02
 -6.02095984e-02  1.59754865e-02 -1.93657260e-02 -5.70767513e-03
 -1.92756131e-02  2.52168137e-03 -5.00821183e-03 -2.72408361e-04
 -4.42701466e-02 -3.84842120e-02 -3.43699679e-02 -1.05256051e-01
  5.60046174e-03 -2.03475989e-02  5.40460311e-02 -2.54560815e-04
 -7.41885751e-02 -4.61995825e-02  7.01730931e-03 -7.60147953e-03
 -4.08325754e-02 -3.32890078e-02 -7.12250546e-03  1.20978169e-01
 -8.91659316e-03  8.58551934e-02 -4.83256616e-02  1.21483549e-01
 -6.84524402e-02 -8.48200265e-03  8.38966593e-02  6.35475898e-03
  3.19164805e-02  4.35311384e-02 -1.95068661e-02 -6.62661642e-02
 -5.22320217e-04  1.88922100e-02  5.72932605e-03 -1.37936964e-03
 -4.71754521e-02  2.04709731e-02 -3.40073630e-02 -4.77468502e-03
 -5.47417961e-02 -2.94986386e-02 -3.67064364e-02 -8.21615942e-03
  3.02616619e-02 -8.03324953e-02 -2.34186277e-02 -3.19217518e-02
 -1.05469041e-01  8.99726711e-03  4.75856811e-02  5.85450903e-02
  3.73021401e-02  2.95180269e-03 -3.40353288e-02  1.09054185e-01
 -6.29649758e-02 -4.46570441e-02  1.07512958e-01 -9.88188684e-02
 -5.52930534e-02  6.53051287e-02 -6.74428120e-02 -4.41036150e-02
  1.81881187e-03  3.01612299e-02  1.97989959e-02  7.47473910e-02
  2.62377039e-02  7.61955678e-02  3.39481570e-02  3.04803508e-03
  1.49462176e-02 -7.16410801e-02 -2.74979006e-02  1.53535139e-02
 -1.13858003e-02  3.53360847e-02 -1.27761327e-02 -6.96684346e-02
 -2.53540487e-03  8.97933915e-02 -8.29267651e-02 -2.66327187e-02
  2.11938657e-02 -1.32582877e-02  3.08135841e-02 -2.22051330e-02
  6.77547045e-03 -4.46534306e-02 -2.24004872e-02  2.05652211e-02
 -1.26742423e-01  2.11351231e-04  6.30589351e-02  9.35509279e-02
 -9.99024604e-03 -5.17524928e-02 -4.34006006e-02  3.08422167e-02
 -1.03044346e-01 -6.08422272e-02  5.19721350e-03  2.47625764e-02
  2.35925931e-02 -3.39116086e-03  1.32331280e-02  3.86709161e-02
  7.57606560e-03 -8.29495897e-04 -2.31253188e-02 -6.75753206e-02
 -1.58756822e-01 -1.55389472e-03 -7.16113374e-02 -3.19745557e-33
 -7.39517882e-02 -2.97445990e-02 -1.31968723e-03  3.77303623e-02
 -6.50808122e-03  3.99916098e-02  3.06926724e-02  8.18731040e-02
 -2.46973671e-02 -1.43505223e-02  1.40959080e-02  1.29942492e-01
  1.76972412e-02  4.39471863e-02  5.26354313e-02  5.33175692e-02
  6.18408769e-02  4.81864624e-02  5.37420288e-02  7.59495199e-02
  2.93754060e-02  2.71490440e-02  7.41770416e-02 -3.66820171e-02
  8.17127451e-02  2.19850466e-02  1.42751206e-02 -3.15474882e-03
  2.05046795e-02  3.96912806e-02  7.21856356e-02 -6.41798526e-02
 -1.32624879e-01  2.07939278e-02  1.03261033e-02  6.11899234e-02
 -1.17082283e-01 -5.87129742e-02 -3.82059440e-02 -8.55361521e-02
 -6.66855276e-02 -2.28480883e-02 -4.89762127e-02  3.95646468e-02
  9.42757912e-03  3.44666652e-02  9.40574892e-03 -3.64142880e-02
  3.48187648e-02  3.30320857e-02 -4.78279181e-02 -3.43512595e-02
  3.34764123e-02 -5.99470511e-02  6.95167556e-02  5.39524807e-03
  1.72340013e-02  7.15283165e-03 -8.78972709e-02 -5.41633144e-02
 -2.27239449e-02 -6.55822009e-02 -1.31252125e-01  2.16246787e-02
  3.28684449e-02  1.91082470e-02 -5.12138270e-02 -4.06941253e-04
  1.11948997e-01 -1.11814536e-01  4.29660305e-02 -1.33671463e-02
  4.99779396e-02  1.30225286e-01 -3.71017791e-02  1.13574779e-02
  2.22268663e-02  3.94382142e-02 -4.34851507e-03  7.11583123e-02
 -6.66206852e-02  3.23155448e-02  1.80120673e-02 -3.84965278e-02
 -9.69359558e-03  9.74334776e-02  1.12738550e-01 -7.32432958e-03
  1.27446977e-02  7.41844252e-02 -4.42086533e-02  2.00902689e-02
 -2.10693069e-02  9.20722336e-02 -5.10864593e-02 -1.48739938e-33
  5.34986630e-02  4.32287389e-03 -2.59459689e-02 -2.41249911e-02
  6.87955916e-02 -7.70128146e-03 -1.01154409e-01  4.23555961e-03
 -8.80961716e-02 -5.85628338e-02 -1.54781230e-02  1.46462349e-02
  1.09341238e-02  1.11863159e-01 -3.97733971e-02 -1.89885385e-02
  6.05880246e-02 -3.27240378e-02 -7.92939290e-02 -2.40821131e-02
  5.73592745e-02  4.36343476e-02  1.26255229e-02  2.40567029e-02
 -2.10579261e-02 -3.77310142e-02 -1.85922571e-02 -6.18704781e-02
  2.03075372e-02  5.71621507e-02  2.78769396e-02  7.17175156e-02
 -2.09032968e-02  8.09030831e-02 -5.91149814e-02 -1.79700274e-02
  7.72170303e-03 -5.23291864e-02  1.13536958e-02  8.98281783e-02
 -1.70748529e-03 -3.37369591e-02  9.58777219e-03  2.00262526e-03
 -4.57707494e-02  2.22738069e-02 -4.65104245e-02 -5.75549249e-03
  1.98710915e-02 -3.20510268e-02 -5.46796024e-02  3.98880914e-02
 -4.90579531e-02 -8.57066736e-02  3.41840908e-02 -8.66282079e-03
 -3.35583948e-02 -3.39193568e-02 -1.31887039e-02 -6.53777495e-02
  1.22354113e-01  8.12528003e-03  2.73001231e-02  7.62601867e-02
 -6.13583252e-02  2.87848106e-03  5.11135682e-02 -7.64755625e-03
 -1.67804174e-02 -2.89119277e-02 -2.25227308e-02  7.62751922e-02
 -6.89080507e-02  5.67984544e-02 -5.52427098e-02  5.81098571e-02
 -3.10802516e-02 -1.01859033e-01 -3.22615579e-02 -4.49338406e-02
  9.40924287e-02 -4.44695838e-02 -1.34108774e-02  7.46467412e-02
 -6.26886822e-03  1.21293366e-02  1.85050741e-02 -1.66035425e-02
  1.81152336e-02 -1.41130507e-01 -5.86271621e-02 -3.76896113e-02
 -6.18194416e-02 -5.25666215e-02 -7.49861076e-02 -3.62449555e-08
 -4.06467393e-02  6.07490493e-03  6.92778267e-03  8.20060670e-02
 -8.20544660e-02  3.72317545e-02 -9.29655880e-02 -6.52133226e-02
  5.39705679e-02  4.82383333e-02  8.66754446e-04  4.57951659e-03
 -1.91114340e-02  2.39659287e-02  1.19343633e-02 -3.21418457e-02
  4.17799503e-03  5.60398102e-02  7.76473880e-02  3.73424180e-02
  6.02009073e-02  3.98755036e-02 -3.60668339e-02  3.11522949e-02
  2.17849594e-02 -2.81644482e-02 -6.63003847e-02 -2.11669561e-02
  3.84476073e-02 -4.37739380e-02  6.81557655e-02  1.95622016e-02
  3.59034277e-02  1.43120456e-02 -6.18181482e-04  7.07043335e-02
 -1.08182263e-02 -2.20801739e-04  1.35289831e-02  1.46313114e-02
 -7.17003122e-02 -1.87702402e-02  7.79613629e-02  2.31857803e-02
 -3.27894762e-02 -2.69882474e-02 -1.37068862e-02  2.69733965e-02
  2.01688502e-02  2.79405750e-02 -1.25255594e-02  3.23042981e-02
 -1.46135148e-02  1.66176539e-02  5.86307719e-02  5.20142075e-03
  2.70193927e-02 -5.50934821e-02 -7.35221878e-02  1.53301121e-03
  1.87772010e-02 -4.91530932e-02 -8.89926553e-02  5.90839572e-02]"
Health Leadership and Management,Masters,Chandaria School of Business,"['business', 'postgraduate', 'healthcare_focus', 'leadership_focus', 'thesis', 'research', 'healthcare_policy_simulations', 'hospital_administration_practicum', 'health_economics_modeling']","Integrates healthcare policy, hospital administration, and health economics leadership.","Health Leadership and Management (Masters, Chandaria School of Business) Attributes: business, postgraduate, healthcare_focus, leadership_focus, thesis, research, healthcare_policy_simulations, hospital_administration_practicum, health_economics_modeling. Description: Integrates healthcare policy, hospital administration, and health economics leadership.","[ 5.21599390e-02  4.19678986e-02 -7.21728206e-02  9.36626736e-03
 -1.81029469e-03 -3.88319232e-03 -3.15840915e-02  2.66958233e-02
 -3.34008075e-02  4.91063893e-02 -1.99073460e-02  2.41426378e-02
 -2.18985826e-02 -3.57748196e-02  3.40376385e-02 -5.65078445e-02
 -7.47599527e-02  2.61297300e-02 -5.94645329e-02 -4.74444069e-02
 -1.79407950e-02  2.46875025e-02  4.67920452e-02 -1.32362396e-02
 -5.06805219e-02 -3.15350890e-02  7.46810017e-03 -1.70704927e-02
 -6.07292987e-02 -4.72925156e-02  6.40858710e-02  8.70250817e-03
  2.90149562e-02  5.61576523e-02 -7.49613345e-02  4.34578471e-02
 -2.92932522e-02  1.08460411e-02 -1.30236810e-02  4.37170714e-02
 -1.66124087e-02  7.77028799e-02 -2.63853520e-02 -1.07616093e-02
  5.76620027e-02 -1.53572578e-02 -2.79370211e-02 -1.59231033e-02
  2.31415592e-03 -2.71149110e-02 -6.70549497e-02  1.08458952e-03
 -5.29487478e-03  5.06089479e-02 -3.00458688e-02  3.42922360e-02
  1.49082625e-02 -1.16479643e-01 -6.69619069e-02 -2.18615271e-02
 -9.18849558e-02  6.34485930e-02  5.06187007e-02  7.53394663e-02
 -1.04473727e-02  6.61882712e-03 -3.71309482e-02  9.39731374e-02
 -1.53441345e-02 -3.24468724e-02  8.50655138e-02 -1.08202651e-01
 -8.63976330e-02  2.56634224e-02  3.45433084e-03 -2.66198795e-02
  2.45459490e-02  7.35765547e-02  5.28938770e-02  1.23640941e-02
 -9.16964933e-03 -1.20679894e-02 -6.06141379e-03  9.77265015e-02
 -2.37945630e-03 -2.62666177e-02 -2.70318110e-02  4.03106911e-03
 -1.50557952e-02  1.69532350e-03 -3.25396541e-03 -3.66185955e-03
 -1.69002227e-02  1.72624327e-02 -1.83067960e-03 -2.65802396e-03
 -2.66160648e-02 -6.57577142e-02  9.62640066e-03 -7.48062413e-03
 -2.43538693e-02 -8.52419138e-02 -3.45948562e-02  3.48861981e-03
 -8.38753805e-02 -7.40909725e-02  5.77730834e-02  2.22344175e-02
  3.05381734e-02 -1.85493249e-02  4.30190638e-02 -4.07712394e-03
 -3.83574627e-02 -4.47249636e-02  7.68651292e-02  4.28755321e-02
  3.47190835e-02 -2.87863240e-02  1.73629671e-02  6.15535900e-02
  1.07352370e-02 -3.01725753e-02 -1.18779959e-02 -7.81013444e-02
 -7.40422606e-02 -4.54138741e-02 -5.64692207e-02 -4.56212149e-33
 -4.00573611e-02 -1.65860392e-02  7.22864494e-02 -1.32638197e-02
  4.67645638e-02  1.17135309e-02  3.93041130e-03 -2.45725121e-02
  1.63081603e-03 -4.03453261e-02  1.44720944e-02  8.66472721e-02
 -1.52106378e-02  1.09359454e-02 -3.16019841e-02  2.05391552e-02
  8.60743038e-03  1.01967864e-01 -5.94907664e-02  7.75907561e-02
 -3.91701460e-02  1.69930067e-02  7.62532605e-03 -4.84927632e-02
  2.81527620e-02  9.73602533e-02  8.67346022e-03 -1.19989002e-02
  6.25525713e-02  2.51614526e-02  4.81593795e-02 -1.40885497e-02
 -1.39958382e-01 -6.73217252e-02 -3.81475724e-02  3.89922261e-02
 -8.67274851e-02 -3.67132016e-02 -4.10699360e-02 -6.62519559e-02
 -6.59975708e-02 -2.34540775e-02 -5.01103001e-03  4.92831990e-02
 -1.80920009e-02  2.89457105e-02  1.40511189e-02 -4.44211327e-02
  9.91642699e-02 -2.26829629e-02 -1.25452131e-01 -5.08378111e-02
  1.03183135e-01 -7.05254152e-02  6.55592307e-02 -2.11327039e-02
  4.75043692e-02  4.33605798e-02 -6.87708929e-02 -1.58201475e-02
  4.54748757e-02 -2.04587281e-02 -1.30092978e-01 -1.84056386e-02
 -2.31129676e-02 -1.93196144e-02 -6.31562769e-02 -7.69094937e-03
  1.41752109e-01 -6.83174878e-02 -5.14132250e-03  5.11073135e-02
 -3.51372473e-02  8.27090666e-02 -6.69843554e-02  8.91329371e-04
 -2.85002030e-02 -2.44373642e-02 -2.17945091e-02  8.86459872e-02
 -6.24803342e-02 -3.34551034e-04 -1.80976633e-02 -1.35706291e-02
  4.01998274e-02  5.72794639e-02  4.10074145e-02  2.36748010e-02
 -1.28823500e-02 -1.46223679e-02 -7.35667869e-02  8.15702006e-02
  4.98523004e-02  1.72501385e-01 -3.81536875e-03 -1.45829928e-33
  8.25707708e-03  1.63809359e-02 -4.89820633e-03 -2.38665752e-02
  1.22885890e-01  7.78953452e-03 -8.41499642e-02 -4.01397087e-02
  5.82652241e-02 -5.44885471e-02 -1.37787005e-02 -1.00064054e-02
 -3.66755165e-02  5.19930385e-02 -3.86408670e-03  4.63327169e-02
  3.56670544e-02 -1.26995996e-01 -1.00919425e-01  1.40786879e-02
 -2.61268951e-03  7.92604983e-02  5.29029546e-03  7.96874166e-02
  2.43094889e-03 -4.69384389e-03  7.02538667e-03  2.53015105e-02
  4.48227897e-02 -6.74055815e-02  1.08697033e-02  2.26863045e-02
 -2.01900415e-02 -1.54482620e-02 -5.92754595e-02 -8.20337050e-03
  5.87275401e-02 -4.31302935e-02  5.96665312e-03  1.06489129e-01
  1.20292895e-01 -6.35014772e-02  5.58619723e-02 -1.37732748e-03
  4.67002131e-02 -4.74697619e-04 -3.47866565e-02 -3.66606526e-02
 -1.25112189e-02 -6.10683626e-03 -1.40114678e-02 -2.66603148e-03
 -9.10502076e-02  3.04199439e-02  2.54588798e-02 -1.14641832e-02
 -4.61736545e-02 -2.73231380e-02 -3.09872180e-02 -9.27263349e-02
  7.11165294e-02 -2.88027786e-02 -2.51961388e-02  4.76005264e-02
 -1.45826101e-01  1.16630858e-02  8.53064880e-02 -6.62697032e-02
 -1.46430749e-02 -6.53084219e-02 -8.04283395e-02 -1.65865626e-02
 -5.61842462e-03  8.28170553e-02 -3.70214395e-02  1.28874034e-02
 -7.13634491e-02 -4.81547974e-02 -1.58098247e-02 -6.12350032e-02
  1.45261977e-02 -1.18919402e-01 -5.36841452e-02  1.42832368e-03
 -2.90085953e-02 -3.89946345e-03  3.30692381e-02 -9.10344347e-02
 -1.06104566e-02 -7.39393681e-02 -4.44015674e-02 -7.29338359e-03
 -2.77472660e-02  1.07331900e-02 -1.05285011e-01 -3.94122601e-08
  2.35061441e-02 -3.13002430e-02  6.01942912e-02  2.39246674e-02
 -6.84940219e-02 -6.12385198e-03 -5.71159683e-02 -5.73462583e-02
  8.18518400e-02  8.16972181e-02 -2.90235970e-02  7.41115287e-02
 -1.90140568e-02 -3.63566866e-03  2.64356881e-02  2.67616380e-02
 -4.66451794e-02  6.40089810e-02  7.49799535e-02 -5.08478917e-02
  3.30556817e-02 -9.20711830e-03 -2.74139009e-02 -1.75880734e-02
  1.51163479e-02  4.92915735e-02 -7.58891925e-02 -6.54240102e-02
  4.23145853e-02  3.52079072e-03  3.01550291e-02  5.18045947e-02
  2.31572203e-02  2.14776266e-02  1.34515762e-02  5.57934158e-02
  1.52142057e-02 -8.67441073e-02  6.04592972e-02 -1.20701557e-02
  3.92409712e-02 -7.47603085e-03  5.99457510e-02  2.64148451e-02
  2.89752334e-02 -1.22081330e-02  5.10712042e-02  5.79833239e-02
  3.69510837e-02 -7.96825662e-02  3.58726420e-02  4.34607826e-02
  4.27789427e-02 -4.48306464e-02 -9.65551939e-03  4.34679165e-02
  5.94020113e-02 -4.38188724e-02 -1.16553038e-01 -1.58985127e-02
  1.22037917e-01 -4.11843583e-02 -1.26313204e-02  8.77672806e-02]"
Management and Organizational Development,Masters,Chandaria School of Business,"['business', 'postgraduate', 'leadership_focus', 'organizational_psychology', 'thesis', 'research', 'organizational_diagnosis_projects', 'change_management_lab', 'OD_intervention_practicum']","Focuses on organizational psychology, change management, and OD interventions.","Management and Organizational Development (Masters, Chandaria School of Business) Attributes: business, postgraduate, leadership_focus, organizational_psychology, thesis, research, organizational_diagnosis_projects, change_management_lab, OD_intervention_practicum. Description: Focuses on organizational psychology, change management, and OD interventions.","[ 6.54773340e-02  1.87146440e-02 -4.85979468e-02  6.68405890e-02
  1.71490051e-02 -2.67804209e-02 -3.80070768e-02  1.12286508e-02
  1.24844313e-02  3.71867940e-02  3.99521030e-02  4.85957079e-02
 -5.77550977e-02 -3.34104449e-02  1.96455885e-02  5.61126284e-02
 -3.18159349e-02  2.42874436e-02  4.85432753e-03 -8.54270980e-02
  5.11124954e-02  1.66511387e-02  4.98910993e-02 -2.35362574e-02
 -1.07170008e-01 -1.48143470e-02  1.47719933e-02  1.37536768e-02
  3.66657227e-03 -8.00534114e-02  5.60027845e-02  4.26618233e-02
  3.87139693e-02 -1.41852321e-02 -1.92373320e-02  5.98036125e-02
  8.86572674e-02  4.76758555e-02  6.63161650e-03  4.96351086e-02
 -3.43633369e-02  4.87050042e-02  1.59118569e-03 -1.82864144e-02
 -5.29989451e-02 -3.56389917e-02  2.49254778e-02 -6.99137971e-02
 -6.86472729e-02 -6.70445189e-02 -4.45299223e-02 -4.34608646e-02
 -4.66327704e-02 -9.97073366e-04 -3.67955901e-02  4.40280698e-02
  6.20737597e-02 -4.74436022e-02 -4.52796593e-02 -1.18567077e-02
 -9.92813520e-03  3.77004445e-02  5.26463576e-02  4.84508425e-02
  2.71627083e-02  3.22490484e-02 -6.81994855e-02  7.35487863e-02
 -6.41180873e-02 -8.26625302e-02  6.93383813e-02 -6.64760843e-02
 -4.00337242e-02  5.48755564e-02  1.15794344e-02 -1.97792309e-03
  1.77565087e-02  5.39649315e-02  9.89684239e-02  1.63054261e-02
  1.06496010e-02  6.38574436e-02 -5.11886738e-02  4.34174798e-02
 -9.25673693e-02 -6.99482765e-03 -1.30748441e-02 -6.10182993e-03
  2.84885522e-03  3.28815468e-02 -2.91746147e-02 -3.14391106e-02
 -8.80778134e-02  2.38593332e-02 -7.70503283e-02 -4.02185023e-02
  7.00592296e-03 -5.80649078e-02  2.76915506e-02 -9.00387473e-04
 -1.55128185e-02  3.88772935e-02 -5.57409227e-02  3.49060185e-02
 -1.01876557e-01 -4.00443785e-02  9.78887081e-02  3.30168977e-02
 -8.27911252e-04 -5.42087108e-03  3.72990221e-02 -2.43957955e-02
 -9.37837586e-02 -8.06613639e-02  2.93410160e-02 -2.24060994e-02
 -7.68926069e-02  2.30688248e-02 -3.32146510e-02  2.45549381e-02
  8.44704360e-02  4.02612574e-02  9.83071327e-03 -2.24371888e-02
 -1.14668988e-01 -3.16471383e-02 -9.08676535e-02 -2.48244111e-33
  4.41507250e-02 -1.88157279e-02 -5.14623374e-02  4.83710542e-02
  4.00551073e-02  2.43299399e-02  6.87868660e-03  2.96858288e-02
  1.64358523e-02 -4.45091464e-02  3.05337906e-02  3.41973640e-02
 -1.50749758e-02 -5.00545353e-02  9.89303961e-02 -3.58676240e-02
  1.03167864e-02  5.78954928e-02  4.19381931e-02  1.76936463e-02
 -5.15130386e-02  7.95713887e-02 -9.58475471e-03 -1.95790324e-02
  7.16362372e-02  8.21670964e-02 -4.17063832e-02  4.88647446e-03
  2.83708200e-02  1.94424540e-02  5.01687005e-02 -4.11769487e-02
 -1.42771751e-01 -5.42340465e-02 -1.71290226e-02 -1.07570384e-02
 -8.11758190e-02 -4.10365947e-02 -7.21422397e-03 -1.34200692e-01
 -9.47723761e-02 -9.60421283e-03 -7.03750225e-03  6.25658706e-02
  1.44972866e-02  2.97233798e-02  2.71691270e-02 -3.08074262e-02
  6.29774779e-02  2.06493121e-02 -7.44632706e-02 -6.06382228e-02
  6.75108656e-02 -3.17340493e-02  2.50148568e-02 -4.55824435e-02
 -3.78855914e-02 -2.38392688e-03 -9.37823672e-03 -3.69383283e-02
  3.90108787e-02  1.63817499e-02 -8.56023207e-02  5.90104191e-03
  3.07147950e-02 -5.63714541e-02  2.27259621e-02 -8.00387934e-02
  1.35406330e-01 -4.16978300e-02 -6.93231635e-03 -2.20392575e-03
 -6.40377700e-02  8.40943977e-02 -3.60179432e-02 -6.72143698e-02
  6.14842772e-03  5.85118867e-03 -2.60195397e-02  1.67846251e-02
 -4.80833463e-02  3.91214229e-02 -1.07821310e-02 -2.72644199e-02
  5.45569621e-02  8.01223740e-02  6.81823716e-02  7.20485747e-02
 -4.49155867e-02  9.37825516e-02 -2.71942765e-02  1.97724011e-02
  8.61279853e-03  1.82712063e-01  1.16015458e-02 -8.88024636e-34
 -1.97370686e-02 -1.43881456e-03 -7.09978631e-03 -5.12866192e-02
  8.42166319e-02  4.89322171e-02 -4.88162860e-02  3.96084674e-02
 -4.18833345e-02 -5.12223095e-02 -4.67116982e-02 -7.28586093e-02
 -6.07838631e-02  6.79996535e-02 -5.32685034e-02 -2.02092957e-02
 -5.53852739e-03 -3.87848355e-02 -5.20670414e-02  2.10892800e-02
 -1.98727436e-02  1.14404403e-01  1.15049034e-02  4.39331774e-03
  3.66994254e-02  3.12152058e-02  1.72868166e-02 -5.79944700e-02
 -2.06622109e-02 -5.88729559e-03  5.09259664e-02  2.68223956e-02
 -6.06081113e-02  1.41027644e-01 -3.36225145e-02 -3.92018110e-02
  5.32232821e-02 -1.03715457e-01 -3.15144770e-02  7.80968070e-02
 -5.92493452e-03 -1.98374279e-02  4.73346375e-02  5.72438585e-03
  3.96790123e-03  7.71471532e-03 -2.59672664e-02 -3.98861468e-02
 -1.25605809e-02 -2.78053712e-02 -6.50245184e-03 -4.16450948e-02
 -4.88577485e-02 -6.94519207e-02  8.70840549e-02  2.06246134e-03
  4.27119918e-02 -5.36434725e-02 -3.07382401e-02 -2.22366154e-02
  6.71893731e-02 -5.03153838e-02  4.75349724e-02  1.05352037e-01
 -6.44339770e-02  6.11393973e-02  5.43184169e-02  2.65097991e-02
 -7.04821944e-02 -3.43132988e-02 -5.34132421e-02  2.10132096e-02
 -2.04196740e-02  2.88343746e-02 -3.28377378e-03 -2.18834579e-02
 -5.60750626e-02 -1.11828605e-02 -6.47264346e-02  4.90770582e-03
 -8.17180425e-02 -5.73710464e-02 -4.94088978e-02  8.31295922e-02
 -4.29009572e-02  4.30163257e-02  6.66114911e-02  3.12429946e-03
  2.64066346e-02 -3.27086449e-02 -9.21052173e-02  1.41639437e-03
 -5.45924306e-02  2.75909863e-02 -1.99500732e-02 -3.89099064e-08
 -4.29123230e-02 -6.39762357e-02  4.73338999e-02  5.08387126e-02
 -8.00522882e-03  1.11405030e-02 -5.64343967e-02 -7.67174587e-02
  6.52451115e-03  4.44496758e-02 -2.97533870e-02  9.73767564e-02
 -7.22055882e-03  6.57438189e-02 -8.21052678e-03 -3.15197259e-02
  2.12161522e-02  2.05046181e-02  7.21141770e-02 -3.61488536e-02
  8.29431340e-02  4.10162769e-02 -3.03823911e-02  2.36302391e-02
  3.72208515e-03 -6.95354417e-02 -3.16707604e-02 -6.44969568e-02
 -1.26901511e-02 -6.93252822e-03  1.18750811e-01  3.95577550e-02
  5.39926700e-02  1.12584711e-03 -1.59595497e-02  2.17006039e-02
  1.35954097e-02 -4.54011932e-02  7.07200617e-02  3.50567251e-02
 -5.52770570e-02 -3.28309252e-03  1.05950654e-01  6.67766556e-02
 -4.22092006e-02  5.03542693e-03 -6.01359643e-03  5.70000261e-02
 -4.76462506e-02 -1.07894093e-01 -1.35109564e-02  1.36732673e-02
 -1.10436243e-03 -3.64128277e-02 -1.05043408e-02 -2.51879878e-02
  7.91820586e-02 -8.31980035e-02 -1.21386111e-01 -4.19485830e-02
  8.63392279e-02 -2.32393481e-03  1.99012668e-03  5.64679503e-02]"
Doctor of Business Administration,PhD,Chandaria School of Business,"['business', 'postgraduate', 'dissertation', 'research', 'executive_research', 'quantitative', 'executive_research_project', 'applied_action_research', 'advanced_research_methods']",Research-intensive doctorate emphasizing applied executive research and advanced methodologies.,"Doctor of Business Administration (PhD, Chandaria School of Business) Attributes: business, postgraduate, dissertation, research, executive_research, quantitative, executive_research_project, applied_action_research, advanced_research_methods. Description: Research-intensive doctorate emphasizing applied executive research and advanced methodologies.","[ 5.22159673e-02 -1.44750727e-02 -3.95936891e-02 -4.49262336e-02
 -9.31329727e-02 -2.78758332e-02 -5.29237725e-02  1.17604561e-01
  1.36372901e-03  6.65437058e-02 -5.33166714e-02  2.48543378e-02
 -1.00971274e-01 -3.86245251e-02  3.41755934e-02  1.76036041e-02
 -2.49541681e-02 -5.16349487e-02 -3.31692435e-02 -8.61835033e-02
  2.71275807e-02  2.52649542e-02  2.96423100e-02  1.46402651e-03
 -8.61795470e-02 -3.69539782e-02  5.84680168e-03 -5.52393086e-02
 -5.98645583e-02 -1.03500485e-02  6.19212016e-02  4.99341004e-02
  3.75127085e-02  4.16033827e-02 -3.94080058e-02  8.14235359e-02
 -2.15227511e-02  7.08326325e-02  1.15693428e-01  3.44599448e-02
 -1.13483602e-02  1.75465234e-02 -1.33082056e-02 -2.84038577e-02
 -4.66772355e-03 -3.81878763e-02 -1.01672513e-02 -4.46666479e-02
  4.22189459e-02 -6.92279413e-02 -6.64674938e-02  4.39542048e-02
 -2.12945212e-02  1.26620773e-02 -9.35709029e-02 -2.18271278e-02
  6.05713278e-02 -3.38476934e-02 -2.01652441e-02 -2.22075339e-02
 -8.41150731e-02  4.55401875e-02  4.56007347e-02  6.02087714e-02
  2.76329350e-02  2.28873007e-02 -3.09536532e-02 -2.84993220e-02
 -2.70206500e-02 -5.87615147e-02  2.88055409e-02 -8.49144384e-02
 -8.52642357e-02  4.56158891e-02  3.74765769e-02 -2.14686934e-02
 -3.84657970e-03  5.42321987e-02  3.82873192e-02 -4.65148762e-02
  8.16219375e-02  4.59747650e-02 -8.18642005e-02 -6.76868670e-03
 -6.03986084e-02 -8.05082452e-03 -1.86652839e-02 -1.56402700e-02
 -1.64205674e-02  1.29444534e-02  3.59905846e-02 -5.06534092e-02
 -3.42486501e-02 -7.58151105e-03 -8.21531489e-02  1.94263346e-02
 -1.57108922e-02 -7.31303021e-02  6.79428363e-03  1.53834454e-03
 -1.49534950e-02 -2.37124097e-02 -4.61422838e-02  1.24164280e-02
 -1.38848409e-01  1.70814060e-02  1.03143901e-01 -1.01314923e-02
  3.69794783e-03 -4.07288317e-03  2.98095634e-03 -4.63460013e-02
 -5.36600761e-02 -1.46906115e-02  4.74535972e-02 -6.13371376e-03
 -1.14345141e-02  5.95180206e-02  4.45218384e-02  5.35348728e-02
  8.56907666e-03  3.60886268e-02 -1.00693721e-02 -1.17987625e-01
 -7.90946633e-02 -3.21215615e-02 -1.40308095e-02 -4.47206099e-33
 -1.79017838e-02  5.25310785e-02  5.61455265e-02  2.15419587e-02
 -1.74101479e-02  4.46842872e-02 -2.47515477e-02  2.19717920e-02
  1.08860405e-02 -7.09456624e-03  4.19120118e-02  1.20243803e-01
 -1.28316432e-02 -2.46656444e-02 -1.52098229e-02  8.81729200e-02
  5.62539548e-02  2.98166219e-02  2.54897829e-02  3.26122753e-02
  1.42082749e-02 -1.92763340e-02  1.75161995e-02 -5.88474162e-02
  6.71338141e-02  1.97851155e-02  3.92198786e-02  7.12984279e-02
  6.49183095e-02  1.85810104e-02  2.74388418e-02 -5.00993058e-02
 -1.36363044e-01  3.83890159e-02 -2.17492934e-02  2.10969709e-02
 -7.86157772e-02 -3.63779180e-02  3.84408832e-02 -6.29331395e-02
 -1.02192350e-01  7.62845716e-03  8.62126797e-02  8.24575052e-02
 -8.71120691e-02  6.13334291e-02  6.38324069e-04 -1.51379425e-02
  5.47106862e-02 -1.82630662e-02 -2.61641922e-03 -8.50464776e-02
  3.36554460e-02  8.81324895e-03  2.88815964e-02 -5.73765859e-02
  4.16481569e-02 -1.45957116e-02 -7.59035023e-03 -9.13607888e-03
  4.26227227e-02  2.58366503e-02 -1.41525596e-01  9.10303276e-03
 -4.36636880e-02 -3.91943045e-02 -5.22734597e-02  5.27167022e-02
  6.93885759e-02 -5.23175113e-02  1.72164582e-03 -8.25644378e-03
  9.28769931e-02  6.17699102e-02 -7.82648772e-02 -1.22292256e-02
 -2.28518620e-02 -3.69558064e-03 -1.20641449e-02  7.62084797e-02
 -9.38261747e-02  4.14279886e-02 -1.08989244e-02  2.66851634e-02
  3.55548486e-02  8.24199244e-02  2.66199633e-02  2.11883616e-03
 -2.19302829e-02 -7.47221988e-04 -5.39840534e-02  5.74294776e-02
  6.73527867e-02  1.88311055e-01  1.49999559e-03  5.47165701e-35
  3.02411485e-02 -1.83512568e-02  4.49589267e-02 -1.30171247e-03
  1.03696339e-01  2.72705797e-02 -8.54913518e-03 -1.75499357e-02
 -1.79275088e-02 -6.84860498e-02 -4.43253070e-02 -3.63946073e-02
 -4.68333140e-02  5.39369546e-02  1.27849244e-02 -2.51873792e-03
  5.14242016e-02 -4.79357056e-02 -5.92249967e-02 -8.37982353e-03
  2.04652944e-03  4.72509935e-02 -1.89844950e-03 -4.13894560e-03
  8.45996756e-03 -6.24534637e-02  7.14974105e-02 -3.63121089e-03
 -2.03703754e-02 -4.25618887e-03  4.60104197e-02  1.92701239e-02
 -7.52584562e-02  1.45215355e-02 -8.03341344e-02  5.16944751e-02
  5.05092368e-02 -1.19883202e-01  1.59286577e-02  5.30598462e-02
  4.52759005e-02 -6.93231896e-02  4.27978672e-02  4.15941216e-02
  7.59963095e-02 -2.20283363e-02 -5.91360405e-02 -1.50602555e-03
  3.10169775e-02 -2.01206212e-03 -4.61873524e-02 -2.19723508e-02
 -5.87471202e-02 -2.67652255e-02  4.02125381e-02  1.50908884e-02
  4.13764827e-02 -2.82004904e-02  2.04338860e-02 -4.33264151e-02
  5.09713776e-02  8.02348461e-03  6.46355525e-02  9.29128826e-02
 -1.02905773e-01  5.26220798e-02  7.97587857e-02 -2.29137931e-02
 -2.14376543e-02 -6.36662096e-02  6.75668344e-02 -3.92239802e-02
 -3.26139554e-02  8.11310783e-02 -3.21403444e-02  5.99257797e-02
 -3.34201641e-02 -2.94927973e-02  3.40572149e-02  2.96087489e-02
  6.13732496e-03 -7.31473714e-02 -8.85904357e-02  5.88126183e-02
 -7.85775408e-02  1.03686368e-02 -3.63889849e-03 -1.47378311e-01
 -2.07837112e-02 -1.25779867e-01  3.30208009e-03  5.92579599e-03
 -9.26973391e-03  1.37957409e-02 -1.48913944e-02 -3.74039644e-08
  3.80879827e-02 -7.41391331e-02  3.20681520e-02  4.12995042e-03
 -2.72498447e-02 -5.78359216e-02 -3.67136635e-02 -4.18884903e-02
  2.55905427e-02 -1.72459502e-02  1.33771366e-02 -4.05770279e-02
 -5.04668243e-02  6.04942851e-02  1.00159599e-02  1.95974633e-02
  2.18948293e-02  1.09358236e-01  4.26394604e-02  2.81503014e-02
  3.74889933e-02 -1.74263250e-02 -7.68902013e-03 -5.94284795e-02
 -3.02394968e-03 -1.08401636e-02 -1.49294697e-02 -9.65069011e-02
 -3.74768674e-03  3.59896459e-02  4.30571958e-02  1.36281913e-02
 -1.09799858e-03  9.49417939e-04  4.54282910e-02  2.91474964e-02
 -4.92705777e-03 -6.80266917e-02  2.14266255e-02  5.67991734e-02
 -2.55229678e-02 -4.63876799e-02  9.25170332e-02  6.79793488e-03
  1.42885484e-02 -5.09686419e-04  3.06715816e-02  1.18536316e-01
  4.85373177e-02 -1.24733159e-02  1.86876021e-02  2.95921601e-02
 -8.70778225e-03 -3.97608280e-02 -2.09096335e-02  1.61320940e-02
  6.47516549e-02 -6.02076612e-02 -1.52560994e-01 -3.06130443e-02
  1.17968462e-01 -4.73329127e-02 -2.60148551e-02  8.31230283e-02]"
International Relations,Undergraduate,School of Humanities & Social Sciences,"['social_science', 'politics', 'humanities', 'policy_focus', 'capstone', 'field_work', 'policy_simulations', 'diplomacy_exercises', 'regional_studies_projects']","Explores diplomacy, global politics, and policy analysis with practical simulations and regional studies.","International Relations (Undergraduate, School of Humanities & Social Sciences) Attributes: social_science, politics, humanities, policy_focus, capstone, field_work, policy_simulations, diplomacy_exercises, regional_studies_projects. Description: Explores diplomacy, global politics, and policy analysis with practical simulations and regional studies.","[ 2.84398515e-02 -2.30331272e-02  1.03591103e-02 -1.54494401e-02
  1.90083997e-03 -3.37896012e-02 -4.34299521e-02 -2.50270758e-02
  1.44479414e-02  5.10334596e-02 -7.40687996e-02 -4.51265229e-03
 -6.14024773e-02  5.29251359e-02 -2.71163564e-02 -2.17727921e-03
 -6.78143725e-02 -7.72036836e-02 -4.05433401e-02 -5.23160249e-02
  3.03530525e-02 -7.99181536e-02  8.60699788e-02 -2.84439269e-02
 -2.80609578e-02 -4.28391956e-02  4.03200798e-02 -6.07993118e-02
 -6.95918798e-02  4.30721454e-02 -2.31364295e-02  3.86004671e-02
 -5.34017831e-02  1.53483152e-02  2.31567305e-02  1.07618384e-01
  1.54033732e-02 -2.56269053e-03  8.72314721e-02  2.44129598e-02
  1.34748593e-02 -5.11452137e-03  9.20866430e-02 -4.98805717e-02
 -1.13678128e-02  2.23410246e-03  2.38263234e-02  1.42924031e-02
 -9.51889083e-02 -2.02728901e-02 -6.05770992e-03  2.34392677e-02
 -3.50817069e-02 -8.94776080e-03  6.05885163e-02 -1.46010388e-02
  3.51151712e-02  2.83611119e-02 -6.79450780e-02  3.67279984e-02
 -3.71925831e-02 -4.00707088e-02  2.38267356e-03  3.16925645e-02
 -2.25611050e-02 -1.82536785e-02  1.84029795e-03  1.55279145e-01
 -3.68560478e-02 -1.35285007e-02  2.13171318e-02  2.96910107e-03
 -7.11295381e-02  2.45055351e-02  6.67557791e-02 -7.87414834e-02
  1.23098749e-03  1.50683345e-02  4.50660512e-02 -6.74270764e-02
  4.83149849e-02  5.17934933e-02  2.74536535e-02 -3.44935171e-02
  5.20084426e-02 -7.45405182e-02 -3.71431783e-02 -8.57292563e-02
  2.07050238e-03  6.04774915e-02 -5.35525335e-03 -7.92373642e-02
  1.30554631e-01  5.44380620e-02  1.16554797e-02  4.60159220e-02
  5.92837855e-02 -6.60636602e-03 -7.15867803e-02  1.67492162e-02
  2.45919228e-02 -2.45319046e-02 -1.41536910e-02  4.33857702e-02
 -7.85458535e-02 -7.14561483e-03 -2.80398205e-02 -1.66365504e-02
 -5.13866358e-02  5.89383133e-02 -6.04619943e-02 -3.46582085e-02
 -6.92534894e-02 -9.29216947e-03  1.22938128e-02  2.39591580e-03
  8.96040723e-02 -2.54950067e-03  4.64619026e-02 -6.67595714e-02
 -6.07056618e-02 -3.01888976e-02 -1.20822703e-02 -2.87672915e-02
 -8.27820078e-02 -7.09007159e-02 -5.07499315e-02 -2.23735421e-33
 -1.25432108e-02  1.33293811e-02 -3.81435826e-02  7.63106272e-02
 -1.28310680e-01  5.31836897e-02  1.51294488e-02  3.37159075e-02
 -4.57937941e-02  2.82343384e-03  4.00020331e-02  1.60243243e-01
  6.88759014e-02  8.56787637e-02  1.37500428e-02  1.06528662e-02
  1.26149468e-02  1.10580243e-01 -1.63065176e-02  3.04382592e-02
 -1.03433197e-02  1.08441208e-02  6.91953003e-02 -9.89386067e-03
  8.40533227e-02 -2.33784504e-03 -2.10695285e-02 -3.99595574e-02
 -1.49730584e-02  2.70556789e-02  1.16049610e-02  9.50745866e-02
 -7.71044567e-02 -3.88443992e-02 -2.65545375e-03  3.69819067e-02
 -2.41617709e-02 -2.10559908e-02  4.22160234e-03 -3.51426261e-03
  7.57667760e-04  6.43827161e-03 -6.73593432e-02  3.49114910e-02
  5.40626012e-02  2.11335924e-02  5.24626411e-02  3.48000764e-03
  5.90423979e-02  2.99361628e-02 -2.37662774e-02 -4.31451313e-02
 -2.30067149e-02 -9.42986757e-02  5.38457222e-02  5.98716065e-02
 -1.04787573e-02  4.76519540e-02 -4.88840491e-02 -6.75257668e-02
  2.27833949e-02 -7.61398599e-02 -3.06466501e-02 -7.42207840e-02
  3.42079462e-03  7.29398057e-02 -1.48391485e-01 -2.83254888e-02
  6.05879053e-02 -7.17042163e-02 -2.00476926e-02  2.57222075e-02
  6.50533438e-02  6.27829134e-02 -2.51415628e-03  6.62979186e-02
 -2.37721801e-02 -6.04095310e-03 -2.02636011e-02  6.32952154e-02
 -1.43906519e-01 -1.32201184e-02  2.99757551e-02  9.90246329e-03
 -5.38742095e-02  1.84291892e-03  2.44024061e-02 -5.57400053e-03
  7.70051777e-02 -5.75232133e-02 -9.67948586e-02 -4.70746048e-02
 -4.94780242e-02  5.35883382e-02 -7.00417347e-03 -1.81606824e-33
  2.29440182e-02 -5.00100404e-02 -5.58906049e-02  1.23143732e-03
  2.92416438e-02 -1.39789600e-02 -4.28875070e-03  3.59038189e-02
  2.08756104e-02 -1.97287183e-02 -4.76844236e-02 -3.73679660e-02
  2.71096434e-02  9.13359299e-02 -5.12284110e-04 -2.27895211e-02
  3.34166139e-02 -6.21120296e-02 -2.36491449e-02  9.59595814e-02
  4.87155393e-02 -4.48299460e-02  1.80949420e-02  2.75277570e-02
 -1.78988501e-02 -1.86581220e-02  9.66488048e-02 -1.41510472e-01
  4.81213704e-02  1.38849095e-02  4.84864265e-02  7.14197978e-02
 -1.67280920e-02  2.32076515e-02 -1.57080218e-01  4.16227467e-02
  2.90845763e-02 -9.35204104e-02  6.39866013e-03 -3.55071761e-02
  4.87467200e-02 -3.06064505e-02  1.78210959e-02  3.44212689e-02
 -9.28858519e-02  6.41820394e-03 -5.92598952e-02  7.64951184e-02
 -8.82110521e-02 -6.79936633e-02 -3.11235711e-02  4.84072343e-02
 -3.34909707e-02 -3.78340967e-02  4.24318910e-02 -5.59029430e-02
 -4.78914790e-02  3.50946300e-02  3.06443162e-02 -1.84059199e-02
  1.89282279e-02  1.06546015e-01  3.29001225e-03  3.19425538e-02
 -9.22530517e-02 -3.35543267e-02 -1.98968202e-02 -5.76704741e-02
  4.71989587e-02 -6.43943995e-03  5.05357310e-02  1.05404288e-01
 -1.04462847e-01  2.42271498e-02  5.49970269e-02  4.43627797e-02
 -1.56322662e-02 -5.42961285e-02  6.56055054e-04  1.63745508e-02
 -1.26620438e-02  1.12977279e-02 -1.79132745e-02  4.67152474e-03
  1.82313770e-02  6.43675923e-02 -1.11632328e-02  2.05927342e-02
  4.14003022e-02 -5.78277074e-02 -2.22246982e-02 -4.18522805e-02
 -3.57608199e-02  2.12968420e-02 -3.48707400e-02 -3.60691779e-08
 -6.91433530e-03 -4.17987630e-02  5.67945950e-02  8.85562375e-02
 -1.73732787e-01  6.59410655e-02 -4.31842282e-02 -2.86617763e-02
 -1.49341645e-02  2.89595053e-02 -2.54572053e-02  4.20795456e-02
 -3.16301808e-02 -3.84800881e-02  1.36365741e-02 -9.15733874e-02
  3.41122188e-02  3.68110910e-02  4.53246199e-03  9.71132889e-03
  9.40410327e-03 -3.96302436e-03 -4.70519960e-02 -5.20883640e-03
  8.05648938e-02  4.36866051e-03 -8.40869453e-03 -7.61233121e-02
  6.53442973e-03 -7.90165588e-02  1.99973416e-02 -3.57205309e-02
  1.01156561e-02 -2.67875623e-02  7.38047250e-03  9.87103060e-02
 -7.25904573e-03 -7.70435333e-02  8.70396383e-03  1.59647688e-02
 -9.65640415e-04  2.53172517e-02  1.92392971e-02 -1.19457943e-02
  1.93034373e-02  9.80950706e-03 -2.76304130e-02  4.17274889e-03
  6.61550323e-03  1.96990147e-02 -1.01372533e-01  2.56685931e-02
 -9.60922465e-02 -3.10093164e-02  1.78441852e-02  6.75914958e-02
 -1.70209780e-02  2.41343975e-02  1.46482652e-02  1.01623818e-01
  6.62983879e-02 -3.08623947e-02 -9.14697051e-02  8.32595117e-03]"
Psychology,Undergraduate,School of Humanities & Social Sciences,"['social_science', 'humanities', 'qualitative', 'quantitative', 'capstone', 'research_methods', 'experimental_psych_lab', 'psychometrics_intro', 'behavioral_research_projects']","Introduces theories of human behavior, research methods, and experimental labs in cognitive and social psychology.","Psychology (Undergraduate, School of Humanities & Social Sciences) Attributes: social_science, humanities, qualitative, quantitative, capstone, research_methods, experimental_psych_lab, psychometrics_intro, behavioral_research_projects. Description: Introduces theories of human behavior, research methods, and experimental labs in cognitive and social psychology.","[ 5.36307134e-02  2.78593823e-02 -4.16206680e-02  3.96323390e-02
  1.15216980e-02 -2.35464312e-02 -5.18270507e-02  3.03954314e-02
 -5.12561351e-02  5.93036227e-02 -2.55069844e-02 -2.66165268e-02
 -1.84427425e-02  3.10525647e-03  6.92704618e-02 -6.35086605e-03
  3.21512185e-02 -6.24937415e-02  8.32016990e-02 -1.79432379e-03
  1.11904191e-02 -5.26843667e-02  8.53151232e-02  2.83919703e-02
 -1.48167340e-02  1.41371004e-02 -1.54811814e-02 -6.26479760e-02
 -5.62806837e-02  3.20451520e-02 -2.65033487e-02  4.28717844e-02
  3.17668542e-02  1.29943648e-02 -7.68214930e-03 -2.92194486e-02
  3.04551329e-03  6.48547038e-02  1.03066206e-01  9.58466977e-02
 -1.06278554e-01 -8.18229839e-03 -6.26774179e-03  2.70823725e-02
 -4.47923690e-02 -3.50893214e-02  9.74544697e-03 -1.16179138e-01
 -1.14012823e-01 -1.29956342e-02 -5.80932125e-02  9.66901332e-02
 -1.52546614e-02  1.63567699e-02  1.28126936e-03 -1.66379884e-02
  8.38473663e-02  2.33000033e-02 -4.87822555e-02  2.10635513e-02
 -6.68824278e-03 -8.31611156e-02 -4.53931428e-02  7.93716088e-02
  4.22052816e-02  2.87734903e-02 -5.07592112e-02  5.93525283e-02
  4.57945801e-02 -2.47024931e-02  3.12936981e-03 -4.28823978e-02
 -2.78534051e-02  5.47899958e-03  1.25703320e-01  9.06943064e-03
 -3.13518271e-02  3.92003246e-02 -2.58008800e-02 -2.62669139e-02
 -2.24501528e-02 -4.36852239e-02 -6.18560985e-02  4.09135632e-02
  1.76673923e-02  2.08061957e-03 -8.99460018e-02  7.10673025e-03
 -8.59074369e-02  2.52790730e-02 -3.68797742e-02 -6.36919886e-02
 -2.82020587e-03  6.37166947e-02 -3.40945832e-02  1.50742736e-02
 -5.94809465e-02 -4.19394635e-02  4.52021398e-02 -7.22808540e-02
 -1.44664794e-02  8.11324716e-02 -1.64308771e-02  7.35023692e-02
  4.14635870e-04  2.71196105e-03 -1.89343598e-02 -2.01760195e-02
  6.06020307e-03  5.73114026e-04  7.59673491e-03 -4.86648604e-02
 -4.83539812e-02  3.00755464e-02  1.17146038e-01 -6.43306924e-03
 -1.71589274e-02  7.34554604e-03  1.85174011e-02 -2.34192908e-02
  6.51356354e-02  7.04333931e-02  1.63004790e-02 -8.48055556e-02
 -3.74817401e-02 -2.63006054e-02 -7.98598975e-02 -2.39716322e-33
 -2.99576297e-02  9.42247733e-03 -3.12436614e-02  2.77935099e-02
 -5.39825261e-02  4.00792845e-02  2.93278806e-02  3.92569602e-02
  3.12737655e-03  5.30142970e-02  4.52983007e-02  8.33446234e-02
  2.84356289e-02  1.41764566e-01 -3.72355357e-02  2.33896710e-02
  2.00749170e-02  2.62456313e-02 -3.65134962e-02 -1.00137377e-02
  1.25703150e-02  4.69215959e-02  2.70039067e-02 -3.80788976e-03
  1.25511792e-02 -3.31031792e-02 -6.15188777e-02  1.99669902e-03
 -4.50028107e-02  2.35401727e-02 -3.96322012e-02  3.86543162e-02
 -3.26811410e-02 -3.44907418e-02 -1.90194398e-02 -3.73249985e-02
  5.95220625e-02 -6.61679870e-03  9.26647056e-03 -6.13183491e-02
  6.69945730e-03  7.87028968e-02 -3.29251029e-02  1.24786014e-03
  2.11819671e-02  4.20650188e-03 -1.82312969e-02 -2.06225291e-02
 -1.08092055e-02  6.09512478e-02 -1.09487504e-01 -7.30238333e-02
  4.22776677e-02 -6.14422187e-03 -2.79082805e-02  3.69943753e-02
  6.20073788e-02 -1.95814446e-02 -9.05018151e-02 -2.75383014e-02
  7.72683620e-02 -3.56558245e-03 -1.47652123e-02 -1.24215610e-01
  1.03761759e-02  1.22441873e-02 -5.55065647e-02  7.34854909e-03
  7.80292600e-02  5.71193825e-03 -5.79751916e-02  1.42877877e-01
 -4.24185097e-02  8.98901224e-02  4.69405903e-03 -8.20206180e-02
  1.50440037e-02 -4.25948426e-02 -2.20183507e-02  8.97536129e-02
 -5.97908609e-02 -2.14079004e-02 -1.10550791e-01 -3.72545831e-02
 -2.34895423e-02  7.23103583e-02  4.34434880e-03 -2.55140532e-02
 -5.44800796e-02 -9.88448560e-02 -2.69963574e-02 -4.66591083e-02
  2.26524216e-03  1.12408742e-01 -4.17848751e-02 -3.11712670e-33
 -5.40618692e-03  1.72017477e-02 -4.93971221e-02 -2.16916651e-02
  5.59650846e-02  2.26967167e-02  1.80598907e-02 -2.56684199e-02
 -1.34089869e-02 -2.06808792e-03 -7.12516606e-02 -6.52099028e-03
 -1.60882957e-02  6.95358217e-02  2.02960670e-02  5.53179951e-03
 -8.93677399e-02 -3.75005156e-02 -3.78012322e-02  3.34246792e-02
 -1.55231031e-02  5.14340512e-02 -2.94838250e-02  2.77960692e-02
  1.07617199e-01 -6.56663179e-02  6.99899113e-03 -7.10673928e-02
  6.24340549e-02  3.67212333e-02  3.21103819e-02  6.66530570e-03
  3.86404842e-02 -6.42973855e-02  1.12879872e-02  1.58278644e-02
  1.03924237e-01 -5.89002892e-02  3.16805914e-02 -4.60299291e-02
  2.30114479e-02  1.51984720e-02 -1.98714864e-02 -7.20099658e-02
  5.07226214e-03  6.71980381e-02 -4.74372506e-02  8.72718729e-03
 -1.07667059e-01  1.28792441e-02  6.39322493e-03 -3.92630398e-02
 -6.48694113e-02 -2.44343020e-02  7.57625550e-02 -1.04839891e-01
 -7.88632315e-03  1.69952046e-02 -3.20983753e-02 -2.13677399e-02
  6.73637837e-02  8.99839625e-02 -1.12491129e-02  9.69613865e-02
 -1.26137003e-01  1.14911227e-02 -3.82334106e-02  2.81562340e-02
 -5.87731153e-02 -3.47509012e-02  2.71404851e-02  7.19366223e-02
  1.45704867e-02  5.39467931e-02  1.31462729e-02  2.56693782e-03
 -1.04891397e-01 -1.31543521e-02 -6.10426925e-02  1.51763279e-02
 -6.07551634e-03 -7.00302720e-02 -3.44324741e-03  3.86989117e-02
 -3.95488739e-02 -4.39300612e-02 -1.26363654e-02  6.51665181e-02
 -5.25584817e-03 -1.43279627e-01 -6.39195442e-02 -9.84421000e-03
 -5.25833964e-02  5.19060530e-02 -5.98364510e-02 -4.07556406e-08
  3.39889154e-02 -8.85771364e-02  8.27694386e-02  1.03258334e-01
 -4.50860076e-02  1.31104752e-01 -2.14112755e-02 -2.86840778e-02
 -4.48200442e-02  2.94512343e-02 -5.54214902e-02  3.01015489e-02
 -5.48751689e-02  5.78387305e-02 -4.63990234e-02 -6.93939924e-02
  7.51904696e-02  4.24775109e-03  6.93730265e-02 -2.46748161e-02
  3.54615189e-02 -3.63186188e-03 -3.75480764e-02  2.17891131e-02
  2.82330662e-02 -7.04766891e-04 -1.08088128e-01 -9.98337790e-02
 -1.70795228e-02 -1.81985050e-02  4.24595885e-02 -2.58248243e-02
  2.38279533e-02 -6.15633205e-02  4.08465490e-02  3.13370675e-02
  2.61112452e-02 -6.12014867e-02  3.68674994e-02  3.84412482e-02
  2.20142249e-02 -6.08018525e-02 -9.48708504e-03  2.29068403e-03
  4.37818617e-02 -6.27857121e-03  3.12940474e-03  5.25261611e-02
  1.25697488e-02 -1.05883693e-03 -8.09507631e-03 -5.90755325e-03
 -8.63701031e-02 -3.38332765e-02 -7.42302649e-03  4.76401001e-02
 -4.78667719e-03  3.33268195e-02 -7.24223778e-02 -5.24438843e-02
  1.42698705e-01  1.16660774e-01 -1.90158095e-02 -1.34659875e-02]"
Criminal Justice Studies,Undergraduate,School of Humanities & Social Sciences,"['social_science', 'justice_focus', 'field_work', 'applied', 'capstone', 'internship', 'justice_field_practice', 'crime_scene_observation', 'legal_process_simulations']","Focuses on law enforcement, legal systems, and applied justice practices including internships and fieldwork.","Criminal Justice Studies (Undergraduate, School of Humanities & Social Sciences) Attributes: social_science, justice_focus, field_work, applied, capstone, internship, justice_field_practice, crime_scene_observation, legal_process_simulations. Description: Focuses on law enforcement, legal systems, and applied justice practices including internships and fieldwork.","[ 3.71515611e-03  7.30500277e-03 -1.01832807e-01 -4.53566127e-02
  5.83870560e-02  1.71779990e-02 -3.74542587e-02  2.67533362e-02
 -1.31475721e-02  5.44445738e-02  1.36283338e-02 -3.47448848e-02
 -2.16170819e-03 -9.07266047e-03 -1.26604307e-02 -4.78217378e-03
  4.10853699e-02 -3.60239334e-02 -1.52708068e-02 -3.15979347e-02
 -1.83800906e-02 -6.91925213e-02  8.88373479e-02 -6.55462965e-02
 -1.27203912e-01  3.13814916e-02 -2.76283342e-02  2.60370858e-02
 -6.34739622e-02 -2.16290876e-02  4.02890984e-03  7.20995292e-02
  1.95782278e-02  7.90245384e-02  9.68393032e-03 -2.74186488e-02
  3.67855132e-02  1.62658934e-02  8.83565769e-02  2.30565853e-02
 -1.74331665e-02  6.41385913e-02 -4.65086475e-03  1.32879959e-02
 -1.19173089e-02 -1.02293171e-01  1.01144565e-02 -4.58504595e-02
 -7.96634629e-02 -6.55419752e-02 -2.50714868e-02  2.29797289e-02
 -5.72380982e-02  6.90594241e-02 -6.69377297e-02 -1.12441536e-02
  4.73330058e-02  7.29325563e-02 -7.61992019e-03 -1.22019835e-02
 -1.14018256e-02  4.73708175e-02  5.81159927e-02  3.77841704e-02
 -2.75382698e-02 -2.12749857e-02 -1.53459664e-02  8.98236483e-02
  3.34364660e-02 -5.03562689e-02  2.07031537e-02  5.68722151e-02
 -5.30292653e-02  7.65915494e-03 -1.59830451e-02  2.72332970e-03
  4.08432521e-02  1.25332056e-02  3.77396308e-02 -4.78444882e-02
  4.88270447e-02 -2.13812273e-02 -7.51825646e-02  9.75114387e-03
 -4.04710248e-02 -3.31539176e-02 -1.20453171e-01 -2.99352780e-02
 -1.29728001e-02 -2.67705899e-02  7.84454271e-02 -3.82442921e-02
  5.68493977e-02 -4.46759276e-02  2.27638311e-03  1.07944524e-02
  1.26058580e-02  1.24044437e-02  5.50247803e-02 -1.83578506e-02
 -2.88677607e-02 -5.75281009e-02  1.93489005e-03  6.61848160e-03
  4.32280749e-02 -2.82032769e-02  1.47909513e-02  2.31532548e-02
 -2.78987736e-02 -6.53505558e-03  9.85425636e-02 -4.12888272e-04
 -2.40575317e-02  4.54887412e-02  1.23606756e-01  8.10673609e-02
  3.63395177e-02  6.93374574e-02  1.98557954e-02  6.14328543e-03
 -4.02082019e-02  8.15400407e-02 -6.12661652e-02 -7.78625160e-02
 -5.81910908e-02 -9.22045186e-02 -9.56870094e-02 -3.21833566e-33
 -6.73972666e-02 -1.34741133e-02 -7.05750361e-02 -5.80154136e-02
 -4.39994149e-02 -2.42267754e-02  7.95751531e-03  3.08200791e-02
 -3.28334467e-03  8.31601918e-02  2.08148211e-02  2.46947166e-02
  1.59203913e-02  2.91699432e-02 -1.60022127e-03  2.30398402e-02
 -6.01306483e-02  1.03833470e-02 -1.01530775e-01  2.97589172e-02
 -3.04289348e-02 -3.53401266e-02  8.94263294e-03  2.95905527e-02
 -7.65096098e-02 -5.21658454e-04  3.27394828e-02 -7.42245186e-03
  4.82484559e-03 -1.70230009e-02  2.43696216e-02  1.25518024e-01
 -3.00934725e-02 -3.06289131e-03  6.44656569e-02  9.31784660e-02
  5.27559370e-02 -1.42531721e-02  1.28717041e-02 -2.49440968e-02
 -4.64745574e-02  5.01383357e-02  5.87616861e-02 -5.10024764e-02
  4.55243932e-03 -5.91759086e-02 -7.97432438e-02 -6.04958236e-02
  4.18740325e-02 -1.50865931e-02 -2.64434423e-02 -1.12517290e-01
  5.15344739e-02 -5.65808117e-02 -4.94528897e-02  1.23158500e-01
 -2.72075329e-02  5.49152009e-02 -1.06183244e-02  5.83841875e-02
  1.25965038e-02 -6.60280138e-02 -1.05358332e-01 -5.55608831e-02
 -8.57614353e-03 -7.04422873e-03 -3.74069996e-02  5.93852205e-03
  1.16677314e-01 -1.77945402e-02 -5.26714213e-02  9.61222872e-02
  3.14980038e-02  8.72873440e-02 -1.10546825e-02 -1.19000701e-02
  2.31046844e-02  7.18436530e-03 -5.11418283e-02  7.21830353e-02
 -7.37742409e-02 -1.84484813e-02 -3.87351662e-02 -1.63738802e-02
  2.24716142e-02 -7.24110845e-03 -2.02792091e-03 -2.73211710e-02
  1.00398799e-02 -5.02206199e-02  3.59612070e-02 -1.01091079e-01
 -2.99653113e-02  1.20298855e-01 -3.38672251e-02 -7.59264199e-34
  6.25754846e-03 -2.45070886e-02 -9.37507525e-02  2.46405485e-03
  6.38293400e-02  1.30698169e-02 -2.23734807e-02 -5.03325090e-02
 -4.32379209e-02  1.88112315e-02 -8.61311331e-02  2.94904783e-02
 -4.62363753e-03  5.43717034e-02  1.88828856e-02 -1.92576535e-02
  3.34495353e-03 -3.20839025e-02 -7.89171681e-02  8.86337906e-02
  3.72705497e-02 -3.04297637e-02  5.59651479e-02  1.24493772e-02
  3.42799351e-02 -4.16183732e-02  6.77087530e-02 -7.42477924e-02
  2.82441061e-02  8.35170001e-02  1.59185920e-02  5.20009138e-02
  1.61391385e-02 -1.92351621e-02 -7.11808652e-02 -3.19849839e-03
  1.51669860e-01 -1.05855986e-01  2.62557194e-02 -3.84435393e-02
  1.04909884e-02  4.77990806e-02 -3.72603610e-02 -1.69749255e-03
 -3.16289589e-02  3.77545618e-02 -4.60697226e-02  8.08593556e-02
 -6.62617851e-03 -6.30000457e-02 -7.88027793e-02  2.24170089e-02
 -1.35249607e-02 -2.40456010e-03  7.74673969e-02 -4.21634205e-02
  4.37031314e-03 -1.62033327e-02 -7.62859434e-02 -1.61862299e-02
  4.22827527e-02  8.83308947e-02 -2.28756573e-02  2.35031080e-03
 -3.03929057e-02  1.44831715e-02 -1.17929719e-01 -6.66829422e-02
 -8.79900530e-02 -1.23130390e-02  1.37290563e-02  2.27020904e-02
  1.38297351e-02 -2.83356905e-02 -8.14528242e-02 -2.74845883e-02
 -1.37593104e-02  2.95559317e-02 -2.37061940e-02  4.77915108e-02
  8.58973712e-02 -1.03378184e-01 -2.55832113e-02  8.42511877e-02
 -2.07147747e-02  6.23589903e-02 -5.42453863e-02  5.78559265e-02
  3.63427661e-02 -4.44842130e-02 -2.54108496e-02 -9.65317935e-02
  1.02465050e-02 -4.79896693e-03 -2.74887681e-02 -3.79410814e-08
  1.83834210e-02  1.28702493e-02  1.74056422e-02  9.79576036e-02
 -1.11132219e-01  8.96922871e-02 -3.99987921e-02 -2.03463826e-02
 -1.19803930e-02 -2.87112929e-02 -2.51177177e-02 -1.33079281e-02
 -1.29832188e-02 -8.94861482e-03  1.09866448e-02  1.22786816e-02
  1.01695530e-01 -2.29831152e-02  3.06196250e-02  3.66838474e-04
  1.28950523e-02 -1.80901289e-02 -3.29662524e-02  5.72745577e-02
  4.19391580e-02 -5.34076011e-03 -4.88949716e-02 -7.84247518e-02
  2.41286736e-02  3.98286581e-02 -5.05076610e-02  2.33062319e-02
  6.53158175e-03 -1.16518915e-01  2.22836193e-02 -3.10094841e-03
  1.75246093e-02 -3.22297141e-02  6.85076341e-02  9.61093511e-03
 -4.60632471e-03 -9.01169032e-02  1.70663483e-02 -5.35559356e-02
  5.43959886e-02 -4.40332200e-03 -2.82763019e-02  9.54853818e-02
  8.33838359e-02 -1.77314915e-02 -2.03182250e-02 -4.01176699e-02
 -7.68271834e-02 -4.97722328e-02  4.14223932e-02  1.02778308e-01
  9.46977064e-02  3.55703682e-02 -7.26106912e-02 -2.30718162e-02
  1.24010079e-01  3.78399417e-02  5.24612740e-02 -7.20759109e-03]"
Criminal and Transitional Justice,Masters,School of Humanities & Social Sciences,"['social_science', 'justice_focus', 'postgraduate', 'policy_focus', 'thesis', 'research', 'field_work', 'transitional_justice_clinics', 'truth_commission_simulations', 'restorative_practice_projects']","Examines justice in post-conflict societies, truth commissions, and restorative practices with policy focus.","Criminal and Transitional Justice (Masters, School of Humanities & Social Sciences) Attributes: social_science, justice_focus, postgraduate, policy_focus, thesis, research, field_work, transitional_justice_clinics, truth_commission_simulations, restorative_practice_projects. Description: Examines justice in post-conflict societies, truth commissions, and restorative practices with policy focus.","[ 1.95953045e-02  5.63141517e-03 -1.22726455e-01 -4.69321609e-02
  3.34489457e-02  4.41328585e-02 -1.27182445e-02 -1.80891657e-03
 -5.28606295e-04  3.74339558e-02  2.09955703e-02 -2.99676713e-02
  1.76315161e-03 -1.71470772e-02  1.47885075e-02  1.68553274e-02
  3.88588347e-02  1.32770808e-02  4.22070622e-02 -1.11180544e-02
 -1.10942824e-02 -5.21021485e-02  8.95441975e-03 -8.56603608e-02
 -7.60024041e-02  1.71479750e-02 -1.38426330e-02 -6.90692291e-03
 -2.96182092e-02 -4.76024374e-02 -3.48376743e-02  4.31965701e-02
 -9.47777405e-02  4.91270050e-02  3.74924317e-02 -2.53251046e-02
  2.43990421e-02  4.85707894e-02  1.70997102e-02  1.04144672e-02
 -1.38704618e-02  5.51860631e-02 -1.18998531e-02 -2.64114663e-02
  5.15047088e-02 -2.95735933e-02 -3.50260660e-02 -3.73417661e-02
 -8.59668776e-02 -8.62334147e-02  4.75246236e-02 -2.26271488e-02
 -4.82318774e-02  3.79266664e-02 -9.35836881e-02 -4.39384095e-02
  5.26827723e-02  2.79248226e-02 -1.10222015e-03 -4.43678796e-02
  3.32339816e-02  6.01195283e-02  2.97644753e-02  1.29245305e-02
  2.05729194e-02 -5.88392504e-02 -2.51869503e-02  4.27195467e-02
 -6.66973088e-03 -6.53406307e-02  3.39132082e-03  1.63694862e-02
  2.81657167e-02 -3.48594002e-02 -6.25269637e-02 -2.42026541e-02
  8.49794596e-02  6.04454838e-02  5.49771152e-02 -6.98077902e-02
  8.74771923e-02  3.21661830e-02 -5.70564978e-02  1.96149871e-02
 -6.51108846e-02 -7.47556090e-02 -1.15480058e-01 -2.65316628e-02
 -2.29929741e-02  1.41682988e-02  6.35603070e-02  1.64397843e-02
  1.17353104e-01 -5.77579699e-02  1.69078149e-02  9.74732451e-03
 -1.70223601e-02  4.66004610e-02  5.81194386e-02  1.06713222e-02
 -5.39598800e-02 -2.38542948e-02  3.18077020e-02 -3.14332321e-02
 -9.44922795e-04 -7.07692700e-03 -1.18853441e-02  2.40595024e-02
  1.90060120e-02 -3.82108577e-02  8.97671736e-04 -4.00582962e-02
 -2.96051539e-02 -3.04692201e-02  1.37238175e-01  1.07454062e-01
  1.26340836e-02  3.10787484e-02  5.12215011e-02 -2.25236341e-02
 -2.43863091e-02  8.20097476e-02 -4.14682589e-02 -6.06401041e-02
 -2.19062045e-02 -3.02951746e-02 -1.81410685e-02 -3.85654276e-33
  1.19777108e-02 -9.43000056e-03 -7.75994509e-02 -2.88517885e-02
 -5.73456250e-02 -2.14716587e-02  3.52610126e-02 -1.18196569e-02
 -2.87222937e-02  5.50817065e-02 -4.11443179e-03  8.91164597e-03
  1.94249433e-02 -5.34191392e-02 -2.80923955e-02 -3.01601901e-03
 -6.92995787e-02  4.01539123e-03 -3.48374844e-02 -1.25652167e-03
  1.70016363e-02  6.64456785e-02  4.82166559e-03  4.42830548e-02
 -8.10680315e-02  2.23403927e-02  2.70542745e-02 -1.74296070e-02
 -4.99837995e-02  3.29749688e-04 -8.50272947e-04  1.07082263e-01
  3.80122699e-02 -1.34983910e-02  3.71846817e-02  9.98833477e-02
  4.80852872e-02 -1.34480586e-02  3.79588827e-02 -7.63955340e-02
 -4.79593612e-02  3.52945216e-02  6.93192333e-02  4.11437638e-03
  9.89451446e-03 -7.69040957e-02 -2.90881507e-02 -4.35671210e-02
  2.24176068e-02  5.59422709e-02 -1.90111771e-02 -2.47927196e-02
 -6.09897170e-03 -7.64594600e-02 -5.31819789e-03  2.93771680e-02
 -5.75150140e-02  1.40013605e-01  5.32301189e-03 -1.29545620e-02
  8.11892375e-02 -1.13066368e-01 -1.47024244e-01 -2.74551325e-02
  4.42793518e-02  7.52889179e-03 -5.70271611e-02 -1.85884759e-02
  1.28508940e-01 -2.17964500e-02 -6.59080148e-02  5.82372583e-02
  7.56590813e-02  5.37931211e-02 -5.14555303e-03 -2.23215576e-02
 -3.04604899e-02 -1.65800359e-02 -1.39005492e-02  6.42037615e-02
 -7.80960247e-02  4.50775325e-02 -7.01925084e-02  1.13851130e-02
  5.36870025e-02 -2.44748835e-02 -7.55094131e-03 -2.67273150e-02
  7.72919098e-04 -3.50269489e-02 -8.23969208e-03 -5.74218705e-02
  2.13800687e-02  1.52591988e-01  3.75890802e-03  9.45252201e-34
  5.32220565e-02 -3.50399874e-02 -9.24757123e-02  8.37252364e-02
  6.24449626e-02  7.27158487e-02  1.37324855e-02 -5.25854826e-02
 -5.84176667e-02  5.38411625e-02 -6.50858656e-02 -1.43756643e-02
  7.19868094e-02  4.57548909e-02 -1.76029168e-02 -1.85243431e-02
 -1.19934010e-03 -2.09827218e-02 -5.99435084e-02  1.02576442e-01
  1.03791766e-01  7.84297939e-03 -1.83908567e-02 -2.69394331e-02
  1.92629658e-02  1.70720294e-02  7.23434538e-02 -1.15511194e-01
 -3.87033708e-02  5.14110178e-02  3.38402689e-02 -7.08131818e-03
  4.70974930e-02 -1.18840924e-02 -7.62074813e-02 -2.99588833e-02
  1.26663700e-01 -1.03029229e-01 -9.71606933e-03 -2.45489255e-02
 -3.39869224e-02  3.18594985e-02  1.67491864e-02  3.45444167e-03
 -2.27755476e-02  3.67230289e-02 -9.22754109e-02  1.58008821e-02
  2.04780083e-02 -6.18714392e-02 -1.32280039e-02 -2.97428444e-02
 -2.01901775e-02 -3.47814411e-02  6.84325919e-02 -4.67327163e-02
 -3.44338641e-02 -2.94377003e-02 -5.44226207e-02  5.83344512e-02
  9.19963792e-02  5.24215437e-02 -3.52865458e-02  1.24293370e-02
  3.00398041e-02 -6.04009768e-03 -1.09570980e-01 -3.65070328e-02
 -8.23616832e-02  1.95652898e-02 -3.44163226e-03 -2.15835199e-02
  3.49827111e-02 -5.76548278e-02 -3.76649946e-02 -3.65920700e-02
  1.82893593e-02 -1.02771446e-02 -5.00352047e-02  3.56311351e-02
  1.89910736e-02 -1.23593673e-01  1.14430450e-02  8.25958773e-02
 -1.15367360e-02  6.89350888e-02 -1.92446485e-02  2.91876942e-02
  4.23683375e-02 -2.79025380e-02 -7.30175301e-02 -1.60499603e-01
  5.35365082e-02 -3.07731461e-02 -1.37224263e-02 -4.07199785e-08
  4.07478772e-02  2.65174769e-02 -1.15522631e-02  6.40751570e-02
 -7.53156245e-02  1.11692384e-01 -1.80608518e-02 -5.94081208e-02
 -5.57722859e-02  2.15378646e-02  4.53380607e-02 -3.26119401e-02
  4.50378330e-03 -1.86939631e-02  5.83754890e-02 -2.20266208e-02
  9.17062983e-02 -1.96103528e-02  3.44799757e-02 -3.07404622e-02
 -2.04806440e-02 -2.16429285e-03 -5.43012694e-02 -5.05537027e-03
  4.62112688e-02  2.87177525e-02 -4.92089503e-02 -1.95602477e-02
  6.38055503e-02  3.58293019e-02 -2.39996724e-02  4.51229922e-02
  2.78982669e-02 -9.20910835e-02 -5.34258783e-02  4.52368371e-02
 -5.63108409e-03  1.27509609e-02  5.50452992e-02  2.31167246e-02
  1.55246602e-02 -1.13402866e-02 -3.36133055e-02 -3.11557893e-02
 -3.10957036e-03 -3.45580950e-02 -1.99562404e-02  8.20873007e-02
 -3.79224159e-02 -2.29692683e-02  7.63481949e-03 -9.74282473e-02
 -4.61271480e-02 -4.13356163e-03  6.70157894e-02  5.34531996e-02
  1.27905473e-01  3.98141034e-02 -8.92835483e-02 -1.75074618e-02
  1.54329240e-01  2.99684945e-02  3.58345397e-02 -1.56373829e-02]"
Sociology,Undergraduate,School of Humanities & Social Sciences,"['social_science', 'humanities', 'qualitative', 'research_methods', 'capstone', 'qualitative_methods_practice', 'community_ethnography', 'social_theory_seminar']","Studies social structures, community ethnography, and qualitative research methods in social theory.","Sociology (Undergraduate, School of Humanities & Social Sciences) Attributes: social_science, humanities, qualitative, research_methods, capstone, qualitative_methods_practice, community_ethnography, social_theory_seminar. Description: Studies social structures, community ethnography, and qualitative research methods in social theory.","[ 5.53883798e-02  1.06225573e-02 -6.00958206e-02  1.32179717e-02
 -1.87515761e-04 -3.11144311e-02 -8.76251087e-02  4.05478245e-03
 -1.34409955e-02  6.45698458e-02  5.07846512e-02 -4.31997553e-02
  1.93322524e-02  7.92683288e-03  4.35448959e-02  2.57150561e-04
 -2.19042925e-03 -5.69700859e-02  5.54722250e-02 -1.24441856e-03
 -2.64440943e-02 -6.40804321e-02  4.61392477e-02  2.77945939e-02
  3.76211330e-02 -3.57868113e-02 -4.00909558e-02 -4.93669771e-02
 -8.39172024e-03  5.58365658e-02 -4.90476526e-02  7.41965473e-02
 -1.99105777e-02  1.82461757e-02 -5.11403941e-02  9.07351077e-02
  4.42805439e-02  8.34809169e-02  8.46526772e-02  8.68545175e-02
 -1.14689618e-01  2.06496343e-02  2.52466500e-02 -1.42869037e-02
  6.73921499e-03  3.29158152e-04  1.96218695e-02 -5.64898290e-02
 -8.76718089e-02 -3.49677540e-02 -5.80253191e-02  1.19779548e-02
  2.13587489e-02  4.80071157e-02  4.64956760e-02 -5.34468889e-02
  8.50072801e-02  8.17235187e-03 -5.64913303e-02 -4.58496325e-02
 -1.33054871e-02 -5.52319102e-02 -4.45609428e-02  6.56126961e-02
  3.52644026e-02  7.35634984e-03 -7.54634514e-02  1.24139048e-01
  1.04099587e-02  2.38872692e-02  5.88474721e-02 -5.22600710e-02
 -4.29661758e-02  2.26038583e-02  9.53256339e-02 -6.83896393e-02
 -2.25097295e-02 -1.86482235e-03 -4.03555669e-02 -6.07184060e-02
 -2.81618964e-02 -1.81421284e-02 -1.55623639e-02  1.51396319e-02
 -4.50604931e-02  1.59435067e-02 -1.74920242e-02 -2.29537208e-02
 -7.89455101e-02  5.19646257e-02 -8.19373131e-02  5.29274382e-02
  3.22475582e-02 -1.14622945e-02  1.19760865e-03  3.39145176e-02
 -2.02155616e-02 -7.70925358e-03  7.20519498e-02 -3.22000198e-02
  2.58800406e-02 -3.36233452e-02 -1.43305575e-02 -7.56383780e-03
 -1.08945295e-02 -4.85864691e-02  1.43631315e-02  4.91724862e-03
 -5.40025672e-03  2.61258855e-02  5.75388921e-03 -1.64534487e-02
 -1.01017483e-01  3.13772075e-02  3.77395302e-02  5.54298516e-04
  7.79578090e-02  2.46561542e-02  2.95443051e-02 -2.74886121e-03
 -2.63240524e-02 -2.22444418e-03 -2.43612509e-02 -1.12036027e-01
 -9.46408231e-03  7.71255279e-03 -4.38400209e-02  1.15214058e-33
 -3.55913825e-02  3.00607551e-02 -7.29694292e-02  2.54477970e-02
 -2.09791120e-02  4.51745540e-02 -5.17981052e-02  4.46853936e-02
 -3.02378722e-02  5.66219259e-03  6.22286387e-02  6.37873337e-02
  1.03386976e-02  6.48534074e-02  3.24132107e-02 -4.84747253e-02
 -1.68711059e-02 -1.52568752e-02 -6.54561371e-02 -1.76117029e-02
  5.62598631e-02  8.84775165e-03 -1.15222512e-02  3.93600482e-03
 -1.30642584e-04 -5.02974987e-02 -9.54144634e-03 -2.37944834e-02
 -1.86851565e-02  4.85762395e-03  1.38889980e-02  1.00087091e-01
 -3.30508873e-02 -5.75385168e-02  1.58346016e-02  5.19334152e-02
  9.99484882e-02  7.35935383e-03  1.06994845e-02 -7.49894753e-02
 -5.44816954e-03 -2.11827690e-03 -6.92372629e-03 -4.26811650e-02
  3.33516262e-02  4.48773578e-02  2.50223875e-02 -4.43917476e-02
  2.26718225e-02  2.07896922e-02  2.93354783e-02 -5.73675819e-02
  1.09943645e-02  1.76440217e-02 -2.18111486e-03  6.78535476e-02
 -1.93236582e-02 -5.76555319e-02 -7.22979009e-02 -3.78930084e-02
  6.73676059e-02 -9.01200250e-02  6.35116696e-02 -1.23386003e-01
 -2.64174473e-02  1.56301595e-02 -3.56819294e-02  1.15560666e-02
  7.27517605e-02 -2.02164017e-02  5.12787560e-03  4.48041968e-02
 -9.55234542e-02  9.84487534e-02 -3.14064929e-03  5.93835674e-02
 -9.12339911e-02 -1.15390494e-03  1.65199731e-02  1.08406246e-01
 -1.10907860e-01  1.81473177e-02 -6.07897751e-02 -3.04984208e-02
  2.05287691e-02  7.09547624e-02  2.01197546e-02  4.48643789e-02
  5.51055893e-02 -6.32450879e-02 -7.07567185e-02 -5.20509109e-02
 -5.97405396e-02  5.94883002e-02 -3.21755297e-02 -6.48416349e-33
 -1.86505690e-02 -1.30983004e-02 -7.80953914e-02 -1.03510646e-02
  8.90937522e-02 -2.03787871e-02 -4.89133410e-02 -1.55264800e-02
  6.40137270e-02  4.78400178e-02 -9.30364337e-03 -2.13825908e-02
 -2.50304118e-02  6.73463419e-02 -4.65117209e-02 -1.84098426e-02
 -7.51842558e-02 -3.48023996e-02 -4.75294590e-02  9.45173278e-02
 -3.14622931e-02 -7.46636540e-02  2.63315551e-02  2.98689883e-02
  1.23854682e-01  1.00913662e-02  1.88942496e-02 -2.18167398e-02
  8.15301463e-02  1.48758236e-02  8.41385499e-03  1.12741888e-02
  7.64340460e-02 -7.99089149e-02 -2.85906401e-02  3.88315357e-02
  6.05072528e-02 -1.02412507e-01  5.01115024e-02 -5.79102524e-02
  6.03584014e-02  2.57294271e-02 -2.99227219e-02  2.89770942e-02
 -5.91475458e-04  1.11611951e-02 -9.97497886e-02  3.80738825e-03
 -8.10972601e-02 -2.61515565e-02 -5.53610222e-03 -3.46487872e-02
 -1.31465204e-03  1.31824752e-02  6.74321875e-02 -4.49614041e-02
  4.22569737e-02  4.81732227e-02 -1.04565077e-01  3.46586220e-02
 -1.93892536e-03  9.70826671e-02 -4.29064520e-02  1.04612537e-01
 -7.41051361e-02 -8.86168033e-02 -7.97434896e-02 -8.07313845e-02
 -1.21577837e-01  2.17135102e-02 -3.49091878e-03  5.41071407e-02
 -3.68307196e-02 -7.24868616e-03 -3.84748951e-02  4.14407477e-02
 -1.52129754e-02  2.76661664e-02 -1.19170630e-02 -3.85606638e-03
  2.66299341e-02 -7.48140961e-02  1.34919109e-02  3.33316848e-02
 -2.82403361e-02 -3.97820957e-02 -1.84704084e-02  3.92237045e-02
  3.30259874e-02 -1.14385411e-01 -6.70281472e-03 -1.01527862e-01
 -2.02362090e-02  4.41914126e-02 -5.37243895e-02 -4.27405489e-08
  2.23890375e-02 -7.33740404e-02  9.99246314e-02  3.05715092e-02
 -7.05259666e-02  1.42746106e-01 -2.18516532e-02 -1.25176115e-02
 -4.58931886e-02  7.01033249e-02 -9.73757803e-02  3.74077186e-02
 -6.58761933e-02  1.96854565e-02 -4.18178402e-02 -8.12924877e-02
  4.02121767e-02 -2.89955307e-02  5.01040816e-02  6.25073723e-03
 -1.58934353e-03 -5.99779673e-02 -8.64328146e-02  7.24210739e-02
  7.30672851e-02  1.36884395e-02 -2.74311397e-02 -1.01043999e-01
  7.76462909e-03 -4.29416522e-02 -3.37324664e-02  2.34402362e-02
 -3.27834077e-02 -2.69690491e-02 -5.77680133e-02  7.48245046e-02
 -8.01132177e-04  2.19228584e-02  1.13771260e-01  5.07753156e-02
  5.31506315e-02 -9.99724269e-02  3.66563862e-03 -4.74033095e-02
 -9.54417977e-03  3.25734913e-02 -1.84170250e-02  1.24294475e-01
 -4.96161543e-02 -2.52855122e-02 -5.04151024e-02  7.24072894e-03
 -6.53127655e-02 -3.81454900e-02 -2.83609442e-02 -2.27684900e-02
 -1.29887089e-02  6.31826818e-02 -2.64250045e-03 -4.56720330e-02
  1.05120972e-01 -6.95313793e-03  8.35664663e-03 -1.41942054e-02]"
Clinical Psychology,Masters,School of Humanities & Social Sciences,"['social_science', 'humanities', 'postgraduate', 'clinical_practice', 'practicum', 'thesis', 'research', 'clinical_supervision', 'licensure_preparation', 'evidence_based_therapy_training']","Prepares students for clinical practice with supervised therapy, evidence-based interventions, and licensure preparation.","Clinical Psychology (Masters, School of Humanities & Social Sciences) Attributes: social_science, humanities, postgraduate, clinical_practice, practicum, thesis, research, clinical_supervision, licensure_preparation, evidence_based_therapy_training. Description: Prepares students for clinical practice with supervised therapy, evidence-based interventions, and licensure preparation.","[ 1.43212136e-02  5.13258800e-02 -1.72437206e-02  1.85823422e-02
 -9.91883338e-04  1.00656571e-02 -7.61410594e-02  6.67337924e-02
 -7.00067729e-03  6.79211617e-02 -8.45979452e-02 -1.31178945e-02
 -6.22938089e-02  4.43846434e-02 -4.52777790e-03  7.27303922e-02
 -1.39953690e-02 -4.72020991e-02  9.43644047e-02  6.46537170e-02
 -7.37211294e-03  1.48135005e-02  4.93243784e-02  4.63004634e-02
 -3.92149538e-02  2.96289530e-02  1.49952359e-02 -7.31477439e-02
 -1.57447662e-02  4.22830880e-02  3.27951182e-03  4.37240116e-03
 -1.84006616e-02  6.78313430e-03  5.34918606e-02 -1.53657105e-02
 -3.73110324e-02  9.12641287e-02  7.80633241e-02  5.91127984e-02
 -4.18394655e-02  2.15362180e-02  2.93425955e-02  1.11635849e-02
 -2.76155919e-02 -5.43631539e-02  1.91575885e-02  4.14088704e-02
 -8.18823949e-02 -4.84326892e-02 -5.61979152e-02  7.49163479e-02
 -7.28885382e-02 -2.41095405e-02 -4.79597561e-02  1.37974760e-02
  6.10681660e-02 -1.38405776e-02 -6.78004622e-02  1.41693037e-02
 -3.87349576e-02  4.77387384e-02 -2.60840971e-02  7.41430372e-02
  6.29981747e-03 -2.44381977e-03 -4.75003123e-02  7.14370981e-02
  7.65619650e-02 -3.38756405e-02  2.60029896e-03 -9.02020279e-03
  2.71288771e-02  7.39073157e-02  8.77691507e-02 -2.80481600e-03
  5.74249923e-02  3.17576155e-02 -5.47647476e-02 -1.82626359e-02
  1.11869359e-02  4.00125943e-02 -7.61613110e-03 -1.15198595e-02
  9.54666082e-03 -4.29838784e-02 -2.71809231e-02  9.01281647e-03
 -9.18406472e-02  1.49133392e-02  7.52095412e-03 -8.01322609e-02
 -9.36359726e-03  6.57895580e-02 -8.87012035e-02 -8.21873266e-03
 -8.27281550e-02 -3.15376967e-02  8.09239447e-02 -3.98745984e-02
 -2.27403212e-02  4.69737537e-02 -1.83684584e-02  8.33704919e-02
 -4.21854742e-02  6.82446966e-03 -6.17167987e-02  9.97918937e-03
  3.22772041e-02  5.58244623e-03  4.27191257e-02  3.21122329e-03
 -7.67924488e-02 -1.82765594e-03  7.25143552e-02  5.54876886e-02
 -8.29377547e-02  1.96833313e-02  2.47696415e-02  6.78688958e-02
  6.05870038e-03  2.13676561e-02 -3.66360275e-03 -8.59196559e-02
  6.19242433e-04 -6.36642501e-02 -4.64213379e-02 -2.07397005e-33
  4.24330309e-03 -3.76688130e-02  1.44324210e-02 -5.85986301e-03
 -5.02961129e-02  7.87349865e-02  5.78255914e-02  6.23025745e-03
 -1.14765260e-02  1.26666008e-02  4.29977514e-02  6.73367009e-02
  4.41193543e-02  8.17334950e-02 -8.18092823e-02  1.96325872e-02
 -2.65733078e-02  4.23411764e-02 -1.44888153e-02  1.56917535e-02
 -1.62199736e-02  7.66110271e-02  2.34961463e-03  3.29787470e-02
 -5.45855723e-02  1.91163663e-02  6.24053320e-03  3.22366618e-02
  3.22087109e-02  3.22789960e-02 -4.16857898e-02 -3.47017720e-02
 -5.42509444e-02 -4.48353663e-02  2.45544594e-02  4.75591123e-02
  4.93814908e-02 -6.52036741e-02  6.26719370e-02 -2.41637286e-02
 -1.66085362e-02  4.63676080e-02  3.79356602e-03  1.03202490e-02
 -1.55968033e-02 -3.03734210e-03 -4.87786941e-02 -7.68937320e-02
 -6.26379550e-02  2.13289931e-02 -2.72345562e-02 -9.45774242e-02
  1.29721230e-02 -3.29574123e-02  2.70623621e-02  1.29508073e-04
  2.12398805e-02  2.93507203e-02 -3.04587707e-02 -2.13809237e-02
  1.73527926e-01 -5.28476387e-02 -1.02035552e-01 -1.02150351e-01
  6.43590651e-03 -1.88352633e-02  7.70002324e-03 -5.56409918e-02
  1.40726969e-01 -5.76570965e-02 -1.21418625e-01  1.01775989e-01
  5.32000251e-02  1.14368416e-01  4.41648588e-02 -1.11497179e-01
  1.00938594e-02 -4.55689803e-02 -2.82862186e-02  1.10462956e-01
 -6.68837577e-02  1.82573982e-02 -1.19699426e-01  3.48307677e-02
  6.58864900e-02 -2.12948546e-02 -4.52270620e-02  4.18398529e-02
 -7.27808923e-02 -9.05974805e-02  1.40802171e-02 -5.50417043e-02
  2.53323968e-02  1.08275123e-01 -8.26708451e-02 -1.67930241e-33
  3.03888731e-02  2.56747510e-02 -5.48980050e-02  5.01310872e-03
  4.68299128e-02 -8.63862503e-03 -1.07569546e-02 -7.99501035e-03
 -4.21559960e-02 -1.43065937e-02 -3.15698832e-02 -4.52638417e-02
 -3.80820781e-02  1.70859937e-02 -2.98509970e-02 -2.11423114e-02
 -1.14021532e-01 -6.68535754e-02 -8.37837830e-02  3.10699418e-02
  2.20343508e-02  2.64231786e-02  3.05559002e-02  7.70648718e-02
  4.06341068e-02 -4.27960940e-02  1.88540109e-02 -3.03605665e-03
  6.81720451e-02  1.00937132e-02  4.70745750e-02  2.38220785e-02
  1.00443223e-02 -4.35786881e-02 -3.61680873e-02  1.70419198e-02
  8.91017467e-02 -3.23043345e-03  2.98294742e-02  3.70290279e-02
  5.86564802e-02 -1.41211459e-02 -5.34902103e-02 -4.06350046e-02
  1.23022432e-02  5.09949289e-02 -4.10594530e-02  3.78629789e-02
  2.17371583e-02 -1.28479488e-02 -8.47478956e-02 -4.32723649e-02
 -7.42997229e-02 -3.74751091e-02  2.07011737e-02 -1.71756282e-01
 -7.73619488e-02  1.39985606e-02 -5.77215776e-02 -1.83114018e-02
  1.12707108e-01  4.78384122e-02 -6.28711982e-03  7.77717307e-02
 -5.04427403e-02 -1.29428217e-02 -3.03507093e-02  5.19574173e-02
 -6.81428835e-02  3.01527269e-02 -1.15166302e-03  8.02977756e-02
  1.99388508e-02  2.18043234e-02  7.83224329e-02  8.21971335e-03
 -8.10327455e-02 -7.27701485e-02 -6.14577681e-02  2.84944978e-02
 -2.13831011e-02 -1.15036629e-01 -2.09185053e-02  7.79273733e-02
 -1.62571333e-02 -1.09757259e-02  6.67770430e-02 -1.37653919e-02
 -3.86999361e-02 -7.90898576e-02 -3.08465995e-02  7.16274837e-04
 -1.51896318e-02 -1.87375080e-02 -6.81597292e-02 -3.98637390e-08
  1.12306532e-02 -2.03600675e-02  2.98802946e-02  5.87613806e-02
 -2.69053280e-02  9.13197175e-02 -7.16013387e-02 -2.29705889e-02
 -6.75102789e-03  8.03653430e-03 -1.50362181e-03 -5.33461571e-02
 -3.92697267e-02 -4.18311916e-02 -2.48960312e-03 -2.69527491e-02
  5.00939079e-02  2.12926008e-02  5.61847799e-02 -5.99970482e-02
  1.79564022e-02 -4.56288829e-03 -1.21846469e-02 -5.39566856e-04
  4.97424379e-02 -6.32476714e-03 -5.34588695e-02 -8.36011097e-02
 -4.07206453e-02 -1.64748337e-02  1.36738950e-02 -9.32116713e-03
  6.32041022e-02 -3.03889643e-02  5.06431870e-02  4.95870248e-04
  7.38221779e-03 -1.07374251e-01  4.55467328e-02 -9.06635018e-04
  3.50985974e-02 -4.14608270e-02  7.30400113e-03 -1.94407851e-02
  2.52824761e-02 -2.19844915e-02  4.06111926e-02  8.34666714e-02
  3.13564530e-03 -4.99300472e-02 -3.06642870e-03  7.87402561e-04
 -7.90349692e-02 -9.03189331e-02  3.17809568e-03  7.83184767e-02
  2.69077905e-02 -1.65540110e-02 -1.27056345e-01 -7.41844848e-02
  6.74075931e-02  8.87019411e-02  3.63387838e-02  1.61840431e-02]"
Counseling Psychology,Masters,School of Humanities & Social Sciences,"['social_science', 'humanities', 'postgraduate', 'clinical_practice', 'practicum', 'thesis', 'research', 'counseling_techniques_lab', 'career_counseling_practicum', 'clinical_supervision']","Emphasizes counseling techniques, career guidance, and practicum-based clinical supervision.","Counseling Psychology (Masters, School of Humanities & Social Sciences) Attributes: social_science, humanities, postgraduate, clinical_practice, practicum, thesis, research, counseling_techniques_lab, career_counseling_practicum, clinical_supervision. Description: Emphasizes counseling techniques, career guidance, and practicum-based clinical supervision.","[ 1.03978580e-02  3.31666172e-02 -5.96725978e-02  5.81753924e-02
 -1.28173484e-02  2.87735090e-02 -3.72823663e-02  2.47688927e-02
  4.86253947e-03  2.07316261e-02 -4.98007685e-02 -2.64988821e-02
 -1.76876448e-02  3.89429443e-02  3.42406519e-02  5.69307320e-02
  8.45088251e-03 -7.67507702e-02  1.04694121e-01 -1.10480785e-02
 -1.04730166e-02  5.78758717e-02  4.30943184e-02  2.74690371e-02
 -2.48637740e-02 -3.75430728e-03 -2.60802433e-02 -6.80172741e-02
 -4.81836013e-02  2.07631215e-02 -4.03159782e-02  2.08207574e-02
 -2.79571023e-02 -2.22994592e-02  1.36820162e-02  1.43401455e-02
 -4.22474332e-02  1.19853392e-01  7.17556477e-02  2.70859990e-02
 -5.18479496e-02  1.15094699e-01  3.61737944e-02 -8.85834359e-03
 -5.93656786e-02 -6.88815191e-02 -3.40903411e-03 -2.26480681e-02
 -1.07640907e-01 -6.80230483e-02 -8.72049406e-02  5.60174733e-02
 -2.29282025e-02 -3.21850716e-03 -3.02627999e-02  3.79731134e-02
  6.86607063e-02  8.58112704e-03 -4.08700146e-02  7.09444955e-02
 -6.51426837e-02  2.39740722e-02 -3.62752490e-02  2.84217000e-02
 -2.52549816e-03  7.38384249e-03 -3.61514948e-02  9.24019963e-02
  4.72245701e-02 -3.06022782e-02  1.27244126e-02 -3.71726118e-02
 -2.09506676e-02  4.39733006e-02  1.16336875e-01 -3.45740444e-03
  3.70148346e-02  4.95179556e-02 -1.34277614e-02 -4.14410084e-02
 -3.30763385e-02  5.30256964e-02  1.75842689e-03  2.20192363e-03
 -5.03518581e-02 -6.53077289e-02 -2.89171841e-02 -1.80160664e-02
 -1.06535805e-02  3.58169526e-02  2.82980651e-02 -5.88293970e-02
 -3.95467579e-02  4.62173522e-02 -1.17921881e-01  3.33619639e-02
 -9.47931930e-02 -4.09121662e-02  6.81381002e-02 -4.80334610e-02
  3.82029661e-03  1.64704304e-02 -4.46525626e-02  6.19317032e-02
 -4.98956665e-02  2.29597427e-02 -2.88026165e-02  3.57915163e-02
  1.49591817e-02 -1.71854012e-02  2.45911404e-02  2.57551372e-02
 -7.83104524e-02 -1.92034300e-02  4.97067161e-02  4.25378419e-02
 -5.34928963e-02  1.30473329e-02  5.52573726e-02  1.05816416e-01
 -6.79321401e-03  3.60560790e-02  3.04438341e-02 -2.96725649e-02
 -2.77731493e-02 -8.92280713e-02 -5.36408424e-02 -1.85497637e-33
 -2.69465800e-02 -2.63335202e-02  1.65220108e-02  2.94887852e-02
 -4.45262007e-02  7.26685077e-02  7.60167930e-03  4.48057242e-02
 -1.42852776e-02  1.13508767e-02  6.05144762e-02  5.66772819e-02
  2.27459101e-03  6.46969825e-02 -8.39646906e-02 -2.14085728e-02
 -1.28756845e-02  6.48732036e-02 -2.83841193e-02  1.47632258e-02
 -3.41131650e-02  1.02874063e-01  3.69356982e-02  4.61742431e-02
 -2.78926771e-02 -2.93263346e-02  5.22216931e-02  4.83867191e-02
  3.43901105e-02  2.96941400e-02 -2.66395379e-02 -2.11556945e-02
 -3.53848971e-02 -4.87517454e-02  3.43018211e-02  6.60473481e-02
  2.79276334e-02 -3.02683618e-02  6.44278154e-02 -3.80773400e-03
 -5.15172109e-02  2.81368755e-02 -5.24043851e-03  1.86770950e-02
  1.85816386e-03 -2.09307261e-02  2.27142088e-02 -5.98085411e-02
 -6.49768040e-02  7.11095855e-02 -6.02067783e-02 -6.61005378e-02
  8.35292861e-02 -4.34278185e-03 -1.63379163e-02  4.04501380e-03
  6.24860413e-02  4.71924953e-02 -1.33776208e-02 -3.38706411e-02
  1.25476465e-01 -4.80848290e-02 -8.14735144e-02 -1.26744553e-01
  1.48863364e-02 -1.99799072e-02 -1.75448358e-02 -3.51868719e-02
  1.17724165e-01 -8.21819827e-02 -1.29435435e-01  1.24620728e-01
  7.10751489e-02  8.58446881e-02  3.52728441e-02 -1.30006328e-01
 -2.77651642e-02 -3.37416232e-02 -3.23367119e-02  8.60311761e-02
 -8.26633647e-02  5.90862446e-02 -7.71429017e-02  2.57659014e-02
  7.29571208e-02 -1.76107716e-02 -2.20595524e-02  3.75728942e-02
 -1.40502211e-03  2.53568706e-03 -5.77086525e-04 -4.37297933e-02
  3.12893204e-02  1.33189455e-01 -3.40020247e-02 -1.32839568e-33
  1.80811621e-02  1.72742456e-02 -1.84074622e-02 -2.84169447e-02
  6.86928481e-02 -1.54847400e-02 -2.42033396e-02  2.40296330e-02
 -4.62826155e-02 -3.75204496e-02 -2.64026858e-02 -5.25096059e-02
 -5.02903983e-02  4.68252227e-02 -1.26340687e-02  8.24465230e-03
 -9.36453268e-02 -4.62601446e-02 -7.12836757e-02  2.63942219e-02
 -1.46940509e-02  1.21448888e-02  1.37120420e-02  5.12277298e-02
  4.25982140e-02 -2.48922668e-02  3.03200837e-02  2.49243807e-02
  9.91286561e-02  2.01654620e-02  5.80248050e-02  1.70670841e-02
  3.98031287e-02 -2.13915650e-02 -2.95411777e-02 -3.22122984e-02
  9.23263356e-02 -3.09923477e-02 -1.78148318e-02 -1.77007094e-02
  1.02225179e-02  1.45997601e-02 -2.38187239e-02 -5.50209954e-02
  1.15309954e-02  2.02925820e-02 -4.28673401e-02  1.97803769e-02
 -3.67837623e-02 -1.88068468e-02 -7.97851533e-02 -5.33661395e-02
 -6.26906157e-02 -2.89740041e-02  3.81957181e-02 -1.56515449e-01
 -1.28825773e-02  3.10266670e-02 -1.48770921e-02 -2.13388875e-02
  8.58210698e-02  1.49950143e-02  1.18661998e-02  7.91036338e-02
 -3.28283161e-02 -1.66517235e-02 -1.66530125e-02  2.98075099e-02
 -9.46522206e-02  4.36917283e-02  3.24693769e-02  1.06465057e-01
 -1.17220590e-02  1.81885306e-02  3.27634029e-02  4.88349237e-02
 -6.75915629e-02 -8.85403305e-02 -7.40056783e-02 -4.64386679e-03
 -7.86589365e-03 -1.32683784e-01 -4.02201340e-03  2.97415946e-02
 -1.01034837e-02 -5.32581732e-02  5.96984252e-02  1.67256892e-02
 -3.63521613e-02 -9.96094421e-02 -4.42992374e-02 -7.77434856e-02
  6.44446397e-03 -1.16823250e-02 -2.04026699e-02 -3.95979534e-08
  2.01202407e-02 -7.22207800e-02 -2.59581208e-02  5.84964566e-02
 -1.96382832e-02  7.95344785e-02 -5.30546904e-02 -7.59752393e-02
 -1.02318628e-02  2.49798484e-02  1.40421689e-02 -4.65093143e-02
 -1.50142713e-02 -5.67035228e-02 -1.92208569e-02 -7.70225078e-02
  7.97306448e-02 -3.63243558e-03  9.00065228e-02 -3.58256027e-02
  1.42938234e-02 -7.79259671e-03 -5.05422279e-02  4.34299372e-02
  4.25335616e-02  1.45309605e-02 -5.71176857e-02 -2.11590510e-02
 -3.13631184e-02 -3.30337510e-02  3.94808538e-02 -5.80240265e-02
  7.79861063e-02 -3.22819315e-02  4.36861701e-02  2.49891933e-02
 -4.56140712e-02 -9.77142081e-02  5.97833320e-02  2.21522525e-02
  1.85243618e-02 -5.95252998e-02  1.41398329e-02 -4.14706999e-03
  3.52155492e-02 -3.88385635e-03  5.61091192e-02  5.04266135e-02
 -6.95355920e-05 -2.32203938e-02 -2.12830342e-02  1.65253151e-02
 -5.88611811e-02 -7.35299140e-02 -9.79589950e-03  5.57456501e-02
  9.95593667e-02 -3.29199396e-02 -1.68963656e-01 -2.09257379e-02
  8.11770037e-02  6.97925314e-02  1.76158082e-02  1.22713530e-02]"
International Relations (MA),Masters,School of Humanities & Social Sciences,"['social_science', 'politics', 'humanities', 'postgraduate', 'policy_focus', 'thesis', 'research', 'global_focus', 'policy_simulations_advanced', 'diplomatic_practicum', 'international_policy_research']","Advanced study of diplomacy, global policy, and international relations research with thesis requirement.","International Relations (MA) (Masters, School of Humanities & Social Sciences) Attributes: social_science, politics, humanities, postgraduate, policy_focus, thesis, research, global_focus, policy_simulations_advanced, diplomatic_practicum, international_policy_research. Description: Advanced study of diplomacy, global policy, and international relations research with thesis requirement.","[ 9.46044736e-03 -2.44851653e-02  3.37386951e-02 -1.91700167e-03
 -2.44433209e-02 -1.02069089e-02 -6.86831623e-02 -3.88301872e-02
  2.30655968e-02  1.03488624e-01 -2.70507485e-02 -3.35531346e-02
 -5.31022027e-02  2.25190092e-02 -2.64544897e-02  8.01011473e-02
 -5.00242636e-02 -6.62479028e-02 -1.11746043e-02  1.34374788e-02
  2.21894719e-02 -4.30111550e-02  5.14647625e-02 -3.41644585e-02
 -6.25893623e-02  3.99954617e-02  6.56758323e-02 -5.64218462e-02
 -6.18009456e-02  8.68189242e-03 -6.16851635e-02  2.35604029e-02
 -1.94403771e-02  2.00303290e-02  1.70936305e-02  8.27028528e-02
  2.40893941e-03  2.70839296e-02  5.54126464e-02  3.32988426e-02
  5.26217222e-02  1.64693277e-02  1.63037688e-01 -9.18787643e-02
 -3.89658799e-03  2.35734582e-02  2.96654329e-02  5.88747077e-02
 -8.38385373e-02 -1.58498548e-02 -2.81133149e-02  1.89387836e-02
 -5.80779053e-02  7.90522061e-03  3.36277969e-02 -3.37775461e-02
  6.11987561e-02  3.98706831e-02 -7.00682327e-02  9.10382159e-03
 -4.75694574e-02 -1.96092925e-03 -1.98065932e-03  1.83422510e-02
  1.84548795e-02 -5.31021245e-02 -1.75220296e-02  1.25936717e-01
 -3.91804390e-02  8.81144125e-03 -4.91948740e-04 -1.39343115e-02
 -2.38076989e-02  4.49187532e-02  4.91336212e-02 -7.57606924e-02
  1.83495414e-02 -6.55547157e-03  5.17616197e-02  3.76286567e-03
  9.23667401e-02  5.18089831e-02  1.60640012e-02 -4.60694805e-02
  7.50382692e-02 -7.32779652e-02 -4.11094241e-02 -5.00526316e-02
  2.19756961e-02  5.94996326e-02 -1.76175218e-02 -8.69903639e-02
  6.53671995e-02  6.32191077e-02  4.07383963e-03  2.47832593e-02
  3.04343626e-02  5.32963686e-03 -9.11876857e-02 -1.94381957e-03
  3.04511730e-02 -3.85500514e-03 -3.13181505e-02  7.11731836e-02
 -6.16424456e-02  3.34374011e-02 -4.49874066e-02  3.48616333e-04
 -2.11235378e-02  8.81187022e-02 -7.02184066e-02 -4.69069146e-02
 -9.98222530e-02 -6.32189661e-02 -1.59786563e-04 -3.93130779e-02
  6.63183108e-02  1.16956816e-03  5.63293360e-02 -6.25493973e-02
 -3.79456617e-02 -3.31762210e-02  2.50409986e-03 -5.87468930e-02
 -7.70944431e-02 -6.06562793e-02 -6.78278059e-02 -2.62899091e-33
 -5.54772504e-02  8.03923048e-03 -2.25587264e-02  4.24392186e-02
 -8.60140771e-02  4.36246805e-02 -9.58191603e-03  2.41075307e-02
 -3.41164917e-02 -3.76990587e-02  7.59917544e-03  1.10138960e-01
  6.17879108e-02  5.56426346e-02 -1.86575670e-02 -9.15584248e-03
  5.10137118e-02  7.68879429e-02  1.56508796e-02  1.28367934e-02
 -5.16424142e-02  3.56269106e-02  7.14291483e-02 -2.39752196e-02
  7.80035555e-02  4.20417860e-02  3.71749215e-02 -5.66318743e-02
 -1.26324277e-02  2.66785417e-02  2.80705653e-02  9.29568857e-02
 -9.29814801e-02 -1.02528945e-01 -9.09544807e-03  2.13959254e-02
 -3.51983905e-02 -3.26938219e-02  2.77547073e-03 -4.47335355e-02
 -5.83824627e-02 -2.21229959e-02  2.02257242e-02  5.10233752e-02
  3.10101192e-02  9.82371718e-03  3.85594741e-02 -2.47271303e-02
  7.57431984e-02  4.20147404e-02 -3.19702551e-03 -9.92272496e-02
 -5.69481589e-02 -7.58401901e-02  3.25570963e-02  2.45234203e-02
 -4.05536108e-02  8.96741897e-02 -6.84475526e-02 -6.31017163e-02
 -1.82099212e-02 -6.43379092e-02 -3.76165733e-02 -3.38712223e-02
 -2.83151306e-03  3.44806723e-02 -1.40679002e-01 -9.86888167e-03
  1.06547229e-01 -2.00722329e-02 -6.54361816e-03  2.12136470e-02
  9.59552675e-02  5.36584444e-02 -2.63669752e-02  3.63347009e-02
  3.12545747e-02  6.27900154e-05 -9.30562243e-03  5.97224496e-02
 -1.52872309e-01 -1.39899857e-04  5.51602431e-02 -1.33904107e-02
 -3.62329595e-02  4.07597385e-02 -1.11190928e-02  2.01439708e-02
  1.53786749e-01  2.10671593e-02 -4.59138229e-02 -3.80749591e-02
 -7.24149421e-02  7.33479857e-02 -2.92480737e-02 -1.43126282e-33
  3.00927218e-02 -4.66851555e-02 -5.22759482e-02  2.56482735e-02
  3.94901596e-02 -4.07553427e-02 -1.79171422e-03  8.27372223e-02
 -1.82788614e-02 -1.75102074e-02 -4.79818583e-02 -3.04014385e-02
  3.16947252e-02  6.03075922e-02  3.11494730e-02  1.18505303e-02
  1.31614422e-02 -9.42714661e-02 -2.10279296e-03  8.22374225e-02
  4.65256646e-02 -5.58880456e-02  1.44309495e-02  2.19994294e-03
 -1.95791479e-02 -2.77127828e-02  6.87178746e-02 -1.26104817e-01
  2.14814432e-02 -1.39020393e-02  5.94788566e-02  5.52980825e-02
 -7.92799443e-02  3.85034718e-02 -1.46839038e-01  6.03426546e-02
 -1.29544195e-02 -4.08282764e-02  4.44975309e-03  1.86887346e-02
  7.05834180e-02 -2.30586552e-03 -2.12924741e-02  1.76341143e-02
 -7.47066215e-02  2.67662089e-02 -4.34769951e-02  8.41218382e-02
 -4.98598963e-02 -4.48014326e-02 -7.38650709e-02  2.37844791e-02
 -3.58112752e-02 -7.29414597e-02 -4.69370373e-03 -5.59590906e-02
 -6.50890097e-02  1.63358208e-02  1.24086095e-02  4.07613814e-02
  5.11743911e-02  6.68867007e-02 -5.27349114e-03 -1.14155002e-02
 -5.98800853e-02  4.47471440e-02 -5.84898610e-03 -4.45634201e-02
  3.68397334e-03  2.81707793e-02  7.39585757e-02  8.88542160e-02
 -1.15338020e-01  3.25110890e-02  1.26234636e-01  1.27115508e-03
 -3.09417248e-02 -6.05406761e-02 -3.65332849e-02  3.21439877e-02
 -1.97814032e-02  2.93511525e-02 -4.12202775e-02  7.32508488e-03
  3.88901830e-02  7.29104578e-02 -1.77952810e-03  2.42763124e-02
  1.80555303e-02 -6.13126755e-02 -3.50441299e-02 -4.76350300e-02
 -4.70571965e-02 -2.64861304e-02 -9.84626412e-02 -3.80938481e-08
 -9.93785262e-03 -5.49617484e-02  5.89155070e-02  4.15909924e-02
 -1.47137538e-01  5.58755435e-02 -8.15188885e-02 -1.86766274e-02
  2.16568448e-02  1.37498090e-02 -8.29289947e-03  5.59790060e-03
 -4.19033356e-02 -1.69517491e-02  3.33136544e-02 -9.35598239e-02
  3.27875949e-02  2.47012563e-02  2.03202013e-02 -2.61315564e-03
  2.90988125e-02  9.31764022e-03 -6.81453273e-02  3.65996324e-02
  6.45142347e-02  4.15356085e-02  1.64184102e-03 -4.83246744e-02
 -4.01435643e-02 -1.90998893e-02 -1.32311713e-02  7.74520636e-03
 -1.39911408e-02 -2.34094821e-02 -1.36627397e-03  7.51532018e-02
  2.08819825e-02 -1.06141374e-01  9.14232899e-03  1.21812085e-02
 -8.92549194e-03  1.16937691e-02  2.49204934e-02 -8.13270919e-03
  1.50781441e-02  5.50906584e-02  1.58520117e-02 -4.39651171e-03
  7.22522521e-03  2.90648942e-03 -1.04638323e-01  3.17381173e-02
 -7.89310783e-02 -3.01171523e-02  4.88716643e-03  2.53664944e-02
  1.90787446e-02 -3.51275154e-03 -2.99470872e-03  3.37900668e-02
  1.08507454e-01 -6.76338822e-02 -5.60358316e-02  1.58003606e-02]"
Marriage and Family Therapy,Masters,School of Humanities & Social Sciences,"['social_science', 'humanities', 'postgraduate', 'clinical_practice', 'practicum', 'thesis', 'research', 'family_therapy_practicum', 'systemic_therapy', 'licensure_track']","Trains students in systemic therapy models, supervised practicum hours, and licensure track preparation.","Marriage and Family Therapy (Masters, School of Humanities & Social Sciences) Attributes: social_science, humanities, postgraduate, clinical_practice, practicum, thesis, research, family_therapy_practicum, systemic_therapy, licensure_track. Description: Trains students in systemic therapy models, supervised practicum hours, and licensure track preparation.","[-3.31235342e-02  7.58973137e-03 -3.15009169e-02  4.12094295e-02
 -3.64684723e-02  4.42821570e-02 -7.15775192e-02  4.11198065e-02
  3.93433385e-02  6.31353818e-03 -4.73775342e-02  1.92780029e-02
 -1.22562004e-02  1.57327950e-02 -9.36330948e-03  2.30306163e-02
  3.69155942e-03 -1.78245287e-02  5.82126454e-02  7.40208700e-02
 -2.44375337e-02  2.69064810e-02 -2.05554795e-02  4.70477901e-03
  1.56328524e-03  1.76406056e-02 -5.13037201e-03 -1.03886627e-01
 -7.16489227e-03  3.41299586e-02 -2.46997625e-02  4.37945984e-02
 -1.15709556e-02  6.39049187e-02  1.19927777e-02  1.21472050e-02
 -5.23277484e-02  1.12393431e-01  1.98187754e-02 -1.60517488e-02
  1.81326941e-02  1.83262471e-02  9.37898383e-02 -5.18087931e-02
  1.60244051e-02 -4.76890057e-02  2.96434178e-03 -3.43570448e-02
 -4.84659001e-02  7.58706406e-03 -1.03952162e-01  3.92067508e-04
 -4.19961698e-02  5.94515130e-02  1.87199712e-02  3.89193408e-02
  4.58439477e-02 -1.73502229e-02 -8.40762407e-02  9.87395197e-02
 -4.94727567e-02  9.58938301e-02 -7.34187439e-02  4.66594808e-02
  2.60012094e-02 -4.82109003e-02 -1.22414716e-02  1.32326528e-01
  6.26119375e-02  1.88570824e-02 -1.50028374e-02  5.70501313e-02
 -1.29025904e-02  9.15049985e-02  6.55011535e-02 -2.21986603e-03
 -2.68507693e-02  3.15616503e-02  1.56191494e-02 -9.09243301e-02
 -9.07720253e-02  1.21123809e-02 -4.87471512e-03 -2.71646511e-02
 -5.36304824e-02 -6.95069274e-03 -3.85102779e-02  1.47796962e-02
 -4.57917191e-02 -5.93725685e-03 -3.16959918e-02 -3.59314978e-02
  7.22435340e-02 -4.16466780e-02  1.62075497e-02  8.90486538e-02
 -6.69649094e-02 -2.97574140e-02  2.55871918e-02  7.14247208e-03
 -5.64147420e-02 -3.15184193e-03 -6.06928058e-02  9.12339613e-02
 -4.65570986e-02  1.19605465e-02 -3.87671106e-02 -1.18973581e-02
  8.81846249e-03 -1.70284770e-02  3.21282111e-02 -3.71063575e-02
 -4.86171097e-02 -3.32826599e-02  1.04445005e-02  4.55695540e-02
  3.65531221e-02 -3.36834006e-02  9.63081867e-02  3.63974720e-02
 -6.92380592e-02 -3.70823289e-03 -6.03629947e-02 -1.20715529e-01
 -1.51288789e-02 -8.85656998e-02  3.66538055e-02 -1.09245601e-34
 -3.79173532e-02  9.30980593e-03  9.03133955e-03  8.48598778e-03
 -4.70277406e-02  4.80060056e-02 -9.77028813e-03 -2.85810120e-02
 -1.96043402e-02 -9.32993740e-03  7.12223500e-02  1.12937070e-01
  3.00277397e-03  5.79143949e-02 -1.27276853e-01 -2.89959256e-02
 -4.49185930e-02  1.08526796e-01 -2.62762848e-02  8.48106891e-02
  2.45233458e-02  1.04783043e-01 -3.39017995e-02  4.44380268e-02
 -7.61826932e-02  1.05743147e-02  2.49903295e-02  6.49392232e-02
  1.65808406e-02  2.22231094e-02 -4.85455804e-02  5.19967377e-02
 -5.17254509e-02 -9.47154984e-02  3.10536996e-02  3.62830907e-02
  2.37471797e-02 -8.53167176e-02  2.17385385e-02 -1.34786898e-02
 -1.19593749e-02 -1.99219361e-02 -2.53757089e-02 -5.95483056e-04
  1.23129021e-02  2.94318609e-02 -6.12291275e-03 -7.78511986e-02
 -1.45804593e-02  3.20357494e-02  9.30939522e-03 -6.48781881e-02
 -5.92996366e-02 -4.16494049e-02  6.15069317e-03  6.09092116e-02
  2.41863951e-02  4.87432107e-02 -3.07237133e-02  2.90273204e-02
  8.20048526e-02 -1.05941638e-01 -3.29527371e-02 -2.35254634e-02
  1.87824164e-02 -1.52155682e-02 -1.68322735e-02 -4.75891158e-02
  1.17790394e-01 -2.93449368e-02 -1.04637459e-01  7.17966408e-02
 -3.36002093e-03  5.73673658e-02  7.48419389e-02 -7.80708715e-02
 -1.76595785e-02 -8.96873418e-03 -6.98113218e-02  5.13317473e-02
 -1.13336004e-01  5.74769825e-02 -2.55680382e-02  1.18396487e-02
  5.96001111e-02 -6.68668672e-02 -6.08990230e-02  1.11359172e-01
 -5.41813932e-02 -3.92754041e-02  4.17130552e-02 -8.53718724e-03
  4.83574346e-02  1.07346483e-01 -3.18288952e-02 -2.86989103e-33
 -6.20577075e-02 -1.36733828e-02 -1.61416736e-02  2.80117691e-02
  8.63199160e-02 -3.77009846e-02 -8.52776971e-03 -2.91419309e-02
  4.20081206e-02  7.33077154e-02  1.28362235e-02 -4.34327722e-02
 -6.12341915e-04  2.60139070e-02 -8.82335156e-02 -4.22188044e-02
 -9.94813535e-03 -4.36864160e-02  1.09387962e-02  3.29702571e-02
  5.31556411e-03  3.74095850e-02  5.14686555e-02  3.70223336e-02
  5.24556600e-02 -6.02615587e-02 -6.50974968e-03  8.15108046e-02
  1.31212585e-02  4.63200249e-02  9.55088902e-03 -9.85336676e-03
 -6.48763147e-04 -2.28083134e-02  2.69642752e-02 -1.03053739e-02
  4.11740690e-02  7.46512832e-03 -2.62038317e-02 -3.01497281e-02
  2.97682732e-02 -3.51549424e-02 -9.05784741e-02  5.06980568e-02
  4.17172629e-03  3.92744951e-02 -2.93029286e-02  9.45702195e-03
  4.31220569e-02  1.21772233e-02 -1.57709625e-02 -5.39629012e-02
 -5.58720529e-03 -7.14867115e-02  6.44338578e-02 -1.47645563e-01
  9.52134728e-02 -1.59798041e-02 -8.56211409e-02  3.77344079e-02
  4.04719040e-02  2.70390194e-02 -3.13300490e-02  1.05100565e-01
 -3.71806771e-02  1.32329529e-02 -8.25752914e-02 -1.67381996e-03
 -9.86718312e-02  7.30400160e-02 -1.08324764e-02  2.74851397e-02
  2.52945479e-02  1.17256287e-02  4.61475924e-02  5.20115159e-02
  2.78977826e-02 -4.68465686e-02 -3.14587988e-02  2.85083149e-02
 -6.83015138e-02 -1.48145959e-01  1.85555441e-03  2.59811375e-02
 -2.82859076e-02 -3.72521020e-02  2.72623729e-03 -2.72129215e-02
  2.41823420e-02 -3.19447853e-02 -1.07295038e-02 -3.01615559e-02
  3.53097287e-03 -9.55033749e-02 -2.29823086e-02 -3.94594828e-08
  3.73341329e-02 -2.58529168e-02 -8.51862889e-04 -5.35132065e-02
 -7.94032291e-02  4.42123115e-02 -8.78505036e-03 -1.38570443e-02
 -4.72740009e-02  6.02780469e-02 -6.47448748e-02 -2.01967992e-02
  2.49543358e-02 -4.36170772e-02  1.59782860e-02 -7.91875646e-02
  9.16016027e-02 -2.70502530e-02  1.19803632e-02 -3.09370998e-02
  8.05985183e-02 -4.78038006e-02  8.79148394e-03  2.86116935e-02
 -3.01768687e-02  6.14705049e-02  5.92562631e-02 -3.91070023e-02
 -9.12856869e-03  8.20182171e-03  5.49718291e-02 -1.71202868e-02
 -1.07891960e-02 -2.83910707e-02 -3.46575640e-02 -1.58262160e-02
  1.62593592e-02 -1.72272809e-02  7.10963532e-02  6.98398277e-02
 -2.90126284e-03 -4.09484021e-02  3.98896588e-03 -6.86860085e-02
 -1.16696756e-03  6.43858314e-02  5.10939211e-02  7.51121566e-02
 -3.67541611e-02 -2.48794835e-02 -2.61771772e-02 -1.65780133e-03
 -1.23279691e-01 -1.56553656e-01 -1.09898474e-03  8.18005353e-02
  1.06453031e-01 -1.74140278e-02 -8.67168009e-02 -3.55919637e-02
  6.44859299e-02  7.39362538e-02  7.78205991e-02  2.76484247e-02]"
PhD International Relations,PhD,School of Humanities & Social Sciences,"['social_science', 'politics', 'humanities', 'postgraduate', 'dissertation', 'research', 'policy_focus', 'theoretical', 'advanced_theory_seminar', 'comparative_politics_research', 'archival_research_methods']","Doctoral research in comparative politics, advanced theory, and archival methods for global policy analysis.","PhD International Relations (PhD, School of Humanities & Social Sciences) Attributes: social_science, politics, humanities, postgraduate, dissertation, research, policy_focus, theoretical, advanced_theory_seminar, comparative_politics_research, archival_research_methods. Description: Doctoral research in comparative politics, advanced theory, and archival methods for global policy analysis.","[ 2.93386206e-02 -4.47709719e-03 -3.52896973e-02 -7.46316761e-02
  2.22071051e-03 -3.16851661e-02 -9.54100490e-02  4.93266545e-02
  2.85325665e-02  6.28454387e-02 -3.34929004e-02  4.55228705e-03
 -9.82219204e-02  3.97517951e-03 -8.67874827e-03  1.57448591e-03
 -2.40450352e-02 -3.58097479e-02 -4.45384197e-02 -1.32597592e-02
 -5.40178157e-02 -5.81112169e-02  8.83518532e-02  1.28525943e-02
 -4.16195020e-02 -1.41055239e-02  2.51076985e-02 -4.21562605e-02
 -3.34971324e-02  5.90337217e-02 -2.58443821e-02  4.17637154e-02
 -8.78873095e-02  2.55211145e-02  7.23600481e-03  9.17181447e-02
 -3.40549313e-02  8.85148123e-02  7.17257559e-02  1.58150326e-02
  3.05525735e-02 -5.86267933e-02  6.26655743e-02 -4.43579480e-02
 -4.57370542e-02  2.03337166e-02 -3.66540253e-02  4.21401523e-02
 -3.81745696e-02 -5.17278127e-02 -3.66728827e-02  8.48096758e-02
 -1.82433575e-02 -1.31506764e-03  3.27639235e-03 -5.09393886e-02
  7.44506642e-02  4.18449044e-02 -5.08452952e-02 -2.27471534e-02
 -4.67400700e-02 -4.88334224e-02  2.35663932e-02  3.33351009e-02
  1.86391678e-02 -3.89437843e-03 -3.05698975e-03  1.22287318e-01
 -3.53087150e-02 -2.57984139e-02 -1.10016987e-02  8.75640474e-03
 -3.32788490e-02  2.69912388e-02  6.33904710e-02 -7.21811876e-02
  2.11400464e-02  4.52262871e-02  4.10241485e-02 -6.69058710e-02
  1.56589612e-01  7.59138092e-02  1.07349046e-02 -6.03089444e-02
  2.33784709e-02 -4.13562506e-02 -3.45021777e-04 -9.37872604e-02
 -3.01099140e-02  1.21821798e-02 -1.79392025e-02 -5.93977235e-02
  5.92873283e-02  5.71449548e-02 -1.11586697e-01  9.18543246e-03
  3.49004269e-02 -4.84233443e-03 -4.54476103e-02  7.40779797e-03
 -2.46535018e-02 -9.49933252e-04 -5.96732786e-03  8.87776352e-03
 -6.31034523e-02  3.45149413e-02 -3.33928280e-02  4.92367567e-03
 -3.94955687e-02  3.71400006e-02 -3.83143686e-02 -5.07632121e-02
 -4.14745882e-02 -1.52800698e-02  5.62588461e-02 -8.21355358e-02
 -1.38542661e-02  2.01415382e-02  6.63779974e-02 -4.02287021e-02
 -2.90833618e-02 -2.72729695e-02 -3.13244984e-02 -6.42841160e-02
 -6.88388273e-02 -6.42713904e-02 -3.49453464e-02 -3.20673096e-33
  3.44630284e-03  3.73207517e-02  2.73004100e-02 -3.50889638e-02
 -1.02736674e-01  2.68403757e-02 -1.95013173e-02  6.72185719e-02
 -6.82653189e-02 -4.19017561e-02  2.89071761e-02  9.08061936e-02
  3.93454283e-02  3.65860872e-02 -8.44881218e-03 -2.74646543e-02
  5.91200497e-03  6.20742887e-02  1.28023922e-02  8.82618688e-03
 -1.40461391e-02  4.55589667e-02  3.64524089e-02 -1.56500097e-02
  1.13951094e-01 -8.26268084e-03  2.56740749e-02  2.23023424e-04
 -8.49590264e-03  1.77102163e-02 -3.54547775e-03  6.32437170e-02
 -1.23148836e-01  1.14252772e-02  4.24101800e-02  5.44228926e-02
 -1.65056495e-03 -2.73423381e-02  2.21279636e-03 -2.38356590e-02
 -8.70263949e-03 -2.45083626e-02  2.94634420e-02  2.20646020e-02
  6.88342676e-02  2.13299748e-02  9.46859568e-02 -3.61310341e-03
  3.48148458e-02 -1.08506940e-02  7.19098747e-03 -5.89619726e-02
 -4.43739966e-02 -5.69871292e-02  5.81118651e-02  1.53480063e-03
 -6.71489909e-02  2.82687750e-02 -2.89014112e-02 -5.25031798e-02
 -2.13555209e-02 -5.68515956e-02 -1.17018111e-01 -7.02258125e-02
 -2.16631722e-02  6.11047586e-03 -1.63856715e-01 -4.95553836e-02
  9.36145037e-02 -8.25634524e-02  9.58204735e-03  4.15608548e-02
  1.45320103e-01  3.95281091e-02  5.59152011e-03  4.21676673e-02
  1.18352501e-02 -2.41006538e-02  2.00577993e-02  5.48721179e-02
 -1.91397652e-01  3.11938934e-02  1.31512259e-03  3.60824317e-02
 -2.30871737e-02  6.05635270e-02  2.50712540e-02  1.41753173e-02
  8.04224908e-02 -7.17491060e-02 -8.30753967e-02 -7.45297968e-02
 -3.93726975e-02  6.90172017e-02 -1.74625143e-02 -6.40788603e-34
  5.78291528e-02 -6.51549324e-02  3.72264441e-03  5.70099056e-02
  1.07453980e-01  1.57160573e-02  3.22843380e-02  3.42694782e-02
 -7.97338970e-03 -1.22127151e-02 -2.36239471e-02 -5.77811003e-02
  4.99115661e-02  4.66941185e-02  2.88951956e-02  1.35407690e-02
  6.26624096e-03 -9.18234661e-02 -3.53629738e-02  4.64363247e-02
  4.93792668e-02 -2.11299192e-02  3.32457349e-02  6.43731356e-02
 -8.08948069e-04 -2.31993143e-02  1.15099721e-01 -1.00303896e-01
  2.49441825e-02 -3.86659848e-03  5.02583012e-02  9.89553928e-02
 -8.10868070e-02  2.65689828e-02 -8.82322043e-02  6.60859272e-02
  3.30222701e-03 -1.07030235e-01 -4.37154621e-02 -2.41870768e-02
 -5.14672429e-04 -2.71454547e-02  1.94722991e-02  2.16789022e-02
 -2.59010699e-02  3.77178974e-02 -1.33782297e-01  7.21860528e-02
 -2.00735554e-02 -8.94750431e-02 -1.60760004e-02  6.61612749e-02
 -5.08348420e-02 -2.29289308e-02  3.89090069e-02 -3.95311974e-02
  1.29814893e-02  2.69255787e-02  2.28179488e-02  1.68398414e-02
  8.33124965e-02  5.73036633e-02 -1.49265574e-02  5.42584658e-02
 -7.87432343e-02 -4.58414070e-02 -4.78737354e-02 -8.43857974e-03
  2.49197576e-02  2.22011562e-02  4.49366346e-02  8.66048411e-03
 -4.72963080e-02  4.17339690e-02  7.09126741e-02  8.61738902e-03
 -1.03590507e-02 -3.72643098e-02 -2.57970951e-02  1.12647571e-01
 -2.85341591e-02 -5.70544824e-02 -2.27792300e-02  6.34908900e-02
 -2.80263219e-02  4.00280654e-02 -3.80791305e-03 -1.73865166e-02
  7.11865071e-03 -9.26384851e-02 -1.13907214e-02 -6.55211434e-02
 -7.86127150e-02  2.31727529e-02 -1.38846310e-02 -3.71998787e-08
  5.80119006e-02 -2.79515572e-02  7.64015913e-02  3.36695351e-02
 -1.09862737e-01  5.48490919e-02 -1.05609912e-02 -2.29848977e-02
 -5.42858616e-02 -3.84756876e-03 -3.68593298e-02  4.38027270e-02
 -2.85397805e-02  5.53654507e-03  2.00573020e-02 -4.65640500e-02
  3.89667749e-02 -2.18651965e-02  3.88458297e-02  1.20319016e-02
  1.11409239e-02  1.67694390e-02 -5.56211360e-02 -5.66252023e-02
  4.16170023e-02  6.54440299e-02  7.43862195e-03 -1.03589170e-01
 -4.21402305e-02  2.83568725e-03  5.07310033e-03 -2.60671675e-02
 -9.55337379e-03 -3.19340229e-02  5.82822524e-02  8.24106038e-02
  3.42093371e-02 -6.41765818e-02 -2.52648280e-03  2.35329252e-02
  2.08850894e-02 -1.05389656e-04 -8.95282486e-04  1.31774936e-02
  1.76147651e-02 -1.18537638e-02  7.09158927e-02  8.75256807e-02
  1.65106251e-03 -9.72692389e-03 -4.95666936e-02  4.64692302e-02
 -9.68788043e-02 -2.85118576e-02  3.15965526e-02  4.50712480e-02
  1.12221213e-02 -6.64021960e-03 -6.31945878e-02  3.64981256e-02
  1.27952188e-01 -3.75029854e-02 -4.10348140e-02  5.83195984e-02]"
Doctor of Psychology (Clinical),PhD,School of Humanities & Social Sciences,"['social_science', 'humanities', 'postgraduate', 'dissertation', 'research', 'clinical_practice', 'licensure', 'advanced_clinical_research', 'longitudinal_clinical_trials', 'clinical_supervision_research']","Doctorate focusing on advanced clinical research, longitudinal trials, and professional licensure in psychology.","Doctor of Psychology (Clinical) (PhD, School of Humanities & Social Sciences) Attributes: social_science, humanities, postgraduate, dissertation, research, clinical_practice, licensure, advanced_clinical_research, longitudinal_clinical_trials, clinical_supervision_research. Description: Doctorate focusing on advanced clinical research, longitudinal trials, and professional licensure in psychology.","[ 1.97078362e-02  6.17035292e-02  1.85749494e-02 -5.71135944e-03
 -3.15093286e-02 -8.72869696e-03 -9.75948349e-02  8.46948475e-02
  1.10682184e-02  7.40418509e-02 -1.02570213e-01 -1.28495572e-02
 -1.21142976e-01  8.20169039e-03 -3.30981077e-03  3.70121710e-02
 -2.35194843e-02 -5.47652915e-02  6.64349496e-02  4.55676727e-02
 -3.20195220e-02  1.53783886e-02  5.10448553e-02  5.90515286e-02
 -1.73640810e-02  5.35896933e-03  1.98759008e-02 -5.71663454e-02
 -4.11156118e-02  4.92565669e-02  1.38381151e-02  3.39623429e-02
 -2.43417863e-02  2.21678931e-02  1.61184538e-02 -3.57530639e-02
 -4.86545712e-02  1.22990742e-01  6.92810267e-02  7.67241567e-02
 -2.54794136e-02 -2.03168914e-02  1.32946111e-02  4.37062941e-02
 -6.73407987e-02 -7.91837648e-02  5.59647847e-03  3.28031071e-02
 -2.68987510e-02 -3.76288220e-02 -6.69095367e-02  6.18401878e-02
 -5.09703085e-02  1.41606210e-02 -5.80443293e-02 -2.17714580e-03
  5.54288439e-02 -1.45681286e-02 -7.94347525e-02  1.83492359e-02
 -6.28259107e-02  3.53959203e-02 -9.54990089e-03  9.46336389e-02
  2.96126492e-02 -2.73757745e-02 -3.23169231e-02  2.40233634e-02
  3.98218259e-02 -1.94380973e-02  5.45187714e-03 -4.74543385e-02
  3.41252312e-02  6.15893565e-02  9.52933952e-02 -6.03318354e-03
  1.67523567e-02  4.25056480e-02 -2.38505360e-02 -3.65468301e-02
  9.49884951e-02  2.82217208e-02 -5.64228557e-02 -4.60077636e-02
  6.48527080e-03 -5.50830737e-02 -1.02567645e-02  6.78999210e-03
 -1.08951114e-01 -2.09539365e-02  3.36344913e-03 -8.21034461e-02
  2.03549061e-02  5.57328314e-02 -1.02331027e-01  2.39118971e-02
 -5.17684817e-02 -5.43726310e-02  5.45681678e-02 -1.42096002e-02
 -5.29015660e-02  2.55599525e-02 -1.12450859e-02  9.10487473e-02
 -5.71883693e-02  4.89389189e-02 -3.02769821e-02 -2.78271921e-02
  8.82355869e-03  1.04895246e-03  2.33943406e-02 -3.69894900e-03
 -7.20894802e-03  2.06194092e-02  6.35423139e-02  5.36800139e-02
 -1.01764224e-01  3.92336100e-02  5.49664758e-02  3.66032124e-02
 -1.82910264e-02  1.82382911e-02 -2.63963956e-02 -8.01968053e-02
 -2.21692212e-02 -1.02227582e-02  6.34435844e-03 -2.79977389e-33
 -1.51968468e-03 -2.29611639e-02  4.93138060e-02 -2.39153542e-02
 -6.80860057e-02  9.34288204e-02  3.88946682e-02  3.69716249e-03
 -2.25412976e-02 -2.41697710e-02  2.65119970e-02  3.75206508e-02
  3.31387445e-02  5.71740381e-02 -1.14190847e-01  4.14179936e-02
  1.62464064e-02  3.20182368e-02  1.32983159e-02  1.93154514e-02
 -1.90808252e-02  5.72403483e-02 -1.76640525e-02  3.66012827e-02
 -2.93243118e-02  1.96969137e-02  1.41131040e-02  3.30768935e-02
  6.87319338e-02  3.67784910e-02 -7.31313974e-02 -1.55969057e-02
 -7.80404881e-02 -2.59179119e-02  2.14413609e-02  3.32081132e-02
  3.71652693e-02 -5.40011935e-02  6.35705814e-02  4.62545222e-03
 -2.19881181e-02  2.47039236e-02  4.02644500e-02  2.67295074e-02
 -2.51688529e-02  2.76705399e-02 -4.37295213e-02 -5.19687384e-02
 -2.43407972e-02  1.13803064e-02 -2.24598553e-02 -8.47787187e-02
  7.19198864e-03 -3.42307938e-03  5.43192737e-02 -4.25910130e-02
 -1.72985974e-03 -1.13032758e-02 -4.42536436e-02 -5.59756951e-03
  1.20509878e-01 -1.43699860e-02 -1.09957568e-01 -8.29248056e-02
  1.22904703e-02 -3.75444815e-02 -6.80322479e-03 -2.52967943e-02
  1.16086803e-01 -1.86470468e-02 -9.45741013e-02  8.63059312e-02
  9.15252641e-02  7.68293813e-02  1.08917831e-02 -7.27372915e-02
  2.09337939e-02 -6.72715530e-02 -1.16856080e-02  1.17696039e-01
 -1.08578742e-01  3.84741910e-02 -1.32284820e-01  6.38396367e-02
  4.83269654e-02  1.48356855e-02 -1.89387314e-02  1.66947898e-02
 -5.51840700e-02 -8.89204443e-02 -2.83070803e-02 -5.86212128e-02
  7.82323182e-02  1.32769704e-01 -7.88115561e-02 -1.30161084e-33
  4.44365740e-02 -8.41338374e-03  1.63570116e-03  1.90032888e-02
  6.80491105e-02 -4.34631156e-03  1.02775395e-02  6.10699924e-03
 -5.45211844e-02 -2.42435578e-02 -2.35528052e-02 -4.24306840e-02
 -2.54320111e-02  8.48343945e-04  2.12624948e-02  3.14787142e-02
 -1.07491687e-01 -1.16610900e-01 -9.93243605e-02  2.19916087e-02
  2.78730802e-02  2.18825005e-02  1.34052904e-02  2.48122681e-02
  3.94685902e-02 -4.23149616e-02  6.80005848e-02  4.71558468e-03
  2.96043362e-02 -2.43731346e-02  2.06005350e-02  5.11027537e-02
 -3.43733691e-02 -6.72821328e-02 -1.14668310e-02  6.83111548e-02
  6.85402602e-02 -5.25856018e-02 -1.64059047e-02  2.40060780e-02
  3.18042822e-02 -3.61391306e-02 -6.77350303e-03 -2.32092533e-02
  4.08987738e-02  3.36231105e-02 -7.54966065e-02  2.90796328e-02
  2.67813262e-02  8.39027576e-03 -6.87661394e-02 -3.24405022e-02
 -5.56679517e-02 -4.32938747e-02  9.96873807e-03 -1.23989232e-01
 -4.39410768e-02  1.14596533e-02 -3.72303315e-02 -5.06265648e-03
  1.19189039e-01  1.95800848e-02 -7.95362052e-03  9.74284932e-02
 -7.29032010e-02  1.20391212e-02 -1.42068695e-02  3.44363339e-02
 -8.29938948e-02  2.24764645e-02  3.37786451e-02  1.85467433e-02
 -7.47281499e-03  2.59142127e-02  9.58086103e-02  4.96711629e-03
 -5.78330345e-02 -4.44596671e-02 -4.81761582e-02  6.44169971e-02
 -2.31469683e-02 -1.27905846e-01 -1.86366327e-02  9.44303647e-02
 -8.41482356e-02 -2.57384665e-02  3.99958231e-02 -5.92754185e-02
 -2.31843777e-02 -6.81139976e-02 -2.42189225e-03  4.08382714e-03
 -5.01829870e-02 -1.31103601e-02 -1.90391019e-02 -3.75611187e-08
  3.29142511e-02 -2.67551839e-02  2.25546788e-02  3.15531790e-02
  9.44622047e-03  4.99751791e-02 -4.45521772e-02 -3.16130221e-02
 -6.47636084e-03  2.46376693e-02  8.06527399e-03 -4.66532707e-02
 -3.33742537e-02 -4.15479066e-04  3.25632133e-02 -1.76141094e-02
  3.87824103e-02  6.03979193e-02  3.21058743e-02 -4.16133143e-02
 -2.19456498e-02  1.51643837e-02 -2.40272973e-02 -4.67542373e-02
  8.66635796e-03  2.94985659e-02 -4.90347669e-02 -1.27957121e-01
 -3.96760963e-02  4.24587317e-02  3.02013867e-02  1.08469455e-02
  4.21967991e-02 -8.16816930e-04  5.68915643e-02 -9.02026240e-03
  1.13074509e-02 -9.75226611e-02  2.21969467e-02  3.10393609e-02
  5.59307709e-02 -4.21986245e-02 -3.49655189e-03  2.88877310e-03
  4.88407677e-03 -4.78134938e-02  7.58267120e-02  1.02875851e-01
  1.15054827e-02 -3.55111063e-02 -1.22213578e-02  1.23873004e-03
 -6.48675412e-02 -9.97153744e-02  2.22293357e-03  6.56920522e-02
  3.20181325e-02 -5.79499640e-03 -1.80922732e-01 -8.75737667e-02
  1.11402735e-01  3.58756669e-02  1.08249979e-02  3.70166972e-02]"
Applied Computer Technology,Undergraduate,School of Science & Technology,"['science', 'coding', 'maths_for_programming', 'computational', 'applied', 'capstone', 'internship', 'embedded_systems_lab', 'hardware_integration_projects', 'applied_systems_practicum']","Focuses on hardware integration, embedded systems, and applied computing solutions with practical labs.","Applied Computer Technology (Undergraduate, School of Science & Technology) Attributes: science, coding, maths_for_programming, computational, applied, capstone, internship, embedded_systems_lab, hardware_integration_projects, applied_systems_practicum. Description: Focuses on hardware integration, embedded systems, and applied computing solutions with practical labs.","[-2.24248879e-02  1.89857604e-03  3.72556766e-04 -6.86667860e-02
  1.34263709e-02 -1.19609594e-01  4.56925742e-02  9.30960923e-02
 -9.00428370e-02  1.39137181e-02 -5.73179200e-02 -6.32345378e-02
  7.14025125e-02 -7.93290660e-02 -2.22292989e-02  1.43271210e-02
  1.80103779e-02 -8.71518180e-02  1.71391498e-02 -4.17305045e-02
  1.48752853e-02 -2.42276292e-05 -1.17783051e-03 -7.41402954e-02
 -1.73243750e-02  4.75128666e-02  3.43343876e-02 -3.76331396e-02
 -1.35380833e-03  8.64254776e-03 -8.50420296e-02  8.79911408e-02
  6.78244755e-02  8.72520134e-02  1.19578168e-02  6.91773891e-02
  3.34777236e-02 -5.32053821e-02  3.83917987e-02 -3.77753824e-02
 -2.71833595e-02  1.35624930e-02  6.28872663e-02  4.35331045e-03
  7.16182664e-02 -5.14333509e-02  1.71821434e-02 -8.77586082e-02
 -1.91272665e-02 -1.75054220e-03 -1.58043634e-02 -1.86413638e-02
  9.79819894e-03 -1.84799582e-02 -6.68621808e-02 -1.07952608e-02
  1.32566482e-01 -4.69993660e-03 -5.05214036e-02 -1.06033059e-02
 -5.12471364e-04 -3.88437621e-02  1.88359320e-02  1.01979584e-01
 -3.19229774e-02  1.80476792e-02  1.72424386e-03  1.49645321e-02
  2.26041619e-02 -3.58855650e-02  2.82558659e-03  4.66219373e-02
 -1.25112012e-01  1.24665797e-02 -1.19669698e-02 -5.42123802e-02
  2.48117726e-02  2.99925487e-02  8.42762515e-02 -3.39048244e-02
  3.72480489e-02 -3.54831889e-02 -1.00046299e-01 -1.09996693e-03
  2.04188563e-03  2.04174574e-02 -9.40849632e-02 -1.56867616e-02
 -4.91466187e-02 -2.60206386e-02 -1.99864176e-03 -3.65406089e-02
  1.13880634e-03  2.38898136e-02  3.59776095e-02 -3.58632505e-02
  6.77077621e-02 -4.55230847e-02 -1.78977884e-02  2.26331428e-02
 -7.99794719e-02 -2.59892959e-02  1.83198582e-02  2.35273894e-02
 -5.65999784e-02 -4.68007848e-02  9.66060162e-03  1.71364434e-02
 -3.20425332e-02 -4.68179546e-02  2.20879503e-02 -4.04737294e-02
 -3.24527137e-02  4.81162686e-03 -2.12031789e-02  1.71985887e-02
  3.03243138e-02 -5.67329954e-03  3.46963108e-02  1.92858968e-02
 -8.81827474e-02  3.55093591e-02 -4.44697849e-02 -3.54734994e-02
 -4.52436619e-02 -1.10320628e-01 -7.33692124e-02 -3.74318213e-33
 -8.93292576e-02  1.57243330e-02 -8.29393324e-03  2.18689237e-02
  6.70656608e-03 -4.84421737e-02  3.42637114e-02  1.64568443e-02
  6.33227930e-04  7.15657778e-04  2.83522084e-02  1.54939801e-01
  2.39192229e-02  9.56246331e-02  9.54656452e-02  1.48791214e-02
 -3.77012156e-02  5.70820505e-03 -2.53718517e-05 -5.26819052e-03
  1.66386273e-02  1.15473438e-02 -4.98995511e-03  3.30169201e-02
  2.88726408e-02 -3.24971206e-03 -9.32397544e-02  2.35317145e-02
  6.42210245e-02  2.74315905e-02  2.85079647e-02  2.02074032e-02
 -8.10315087e-02 -8.37344080e-02  2.54849754e-02 -2.18502935e-02
  7.18822703e-02 -6.43237382e-02  5.66303059e-02  1.02553405e-02
 -1.02345478e-02  1.51824653e-02 -2.69507710e-02 -8.95505250e-02
 -7.98085798e-03 -3.14065143e-02  3.42029966e-02  2.06230152e-02
  5.78943752e-02  1.25410724e-02 -2.00380217e-02  2.55798665e-03
  7.42045343e-02 -5.78483157e-02 -1.05847595e-02  3.87796275e-02
  3.77096198e-02 -1.13466354e-02 -8.19430966e-03  1.53998300e-01
 -8.44629034e-02 -5.96104413e-02 -3.43185640e-03 -7.75610059e-02
 -9.12924334e-02 -3.21733169e-02  5.78200594e-02  2.36480068e-02
  7.60570616e-02  6.67278320e-02 -3.77482772e-02 -4.49987762e-02
 -1.67552587e-02  3.72001752e-02  7.92821869e-03  2.63397917e-02
 -3.86656076e-02 -3.31982374e-02 -8.13814774e-02  6.40594959e-02
 -8.63111094e-02  5.73721789e-02 -9.53349620e-02 -3.24508362e-02
  1.23401638e-02  2.65915431e-02 -4.80020531e-02 -3.34952809e-02
 -4.63322662e-02 -9.55763981e-02 -1.35791124e-04 -1.54511938e-02
 -2.28630621e-02  9.79895145e-02 -1.18921930e-02 -2.09156977e-33
 -2.57299319e-02  6.74725845e-02 -1.94408912e-02  6.26663864e-02
  1.10717714e-01 -1.67030860e-02  4.95535359e-02 -4.18575406e-02
  5.65835200e-02  1.90632548e-02 -7.04353256e-03  4.89742048e-02
 -1.88197847e-02  9.82186943e-03 -3.44339982e-02  2.91509051e-02
 -1.25215292e-01 -1.02973608e-02  1.06588267e-02  7.16721714e-02
  1.16179120e-02  3.17820557e-03  5.12715243e-02 -4.41361554e-02
  8.40147659e-02 -2.50647906e-02  8.02844483e-03 -6.03374504e-02
  7.67333210e-02 -2.06324328e-02  2.29840148e-02 -3.32851596e-02
  2.91607995e-03  7.13026151e-02  1.83040816e-02 -1.40957255e-02
  1.55796528e-01 -3.30566764e-02  4.90785316e-02  2.51336396e-02
  1.15818389e-01 -3.20252292e-02 -5.21437414e-02  4.77860607e-02
  2.00834461e-02  6.02339357e-02 -8.98163840e-02 -4.93176864e-04
 -9.46953194e-04 -7.41435811e-02  2.94938739e-02 -2.97258422e-02
  9.65649113e-02 -8.86370472e-05  6.03676625e-02 -1.79344858e-03
  1.96073391e-02  6.36134371e-02 -8.70367512e-03  1.17101381e-02
  1.61872506e-02 -7.60505870e-02  8.29149932e-02  1.62979588e-02
 -8.90825167e-02 -2.05121748e-02 -1.82551313e-02  1.22478772e-02
 -1.65781558e-01 -8.98203999e-02  2.08933707e-02  8.12189355e-02
 -5.44532277e-02  1.15675852e-02 -1.00252464e-01  2.31368411e-02
  1.28979785e-02  3.54023576e-02 -2.32960805e-02  2.27236468e-02
 -1.54573917e-02  1.67178139e-02 -2.66675856e-02  1.72141381e-02
 -6.70213923e-02 -9.12156235e-03  2.35285331e-02 -6.82403892e-02
 -1.60366967e-02 -1.34990707e-01 -1.37449145e-01  6.64612055e-02
  2.63470393e-02 -5.11042308e-03 -1.20056465e-01 -4.18651709e-08
  1.20629156e-02 -1.81244723e-02 -2.51474306e-02  3.14609818e-02
 -3.30820046e-02  8.78304392e-02 -3.87736522e-02 -7.16081783e-02
 -1.16432421e-02 -3.95677984e-02 -4.21215668e-02 -3.39586064e-02
 -3.30573171e-02  1.14549035e-02  4.99709286e-02  4.90391962e-02
 -5.36204018e-02 -4.65092547e-02  7.21289264e-03 -2.66303285e-03
  8.15362111e-02  3.40441428e-02 -4.99435375e-03  7.77248740e-02
 -7.07964553e-03 -7.50548253e-03  1.08361281e-02 -1.20715782e-01
  2.35237386e-02  4.84588817e-02 -4.65336218e-02 -1.57482345e-02
  2.93006115e-02 -1.63554139e-02  2.73652598e-02 -1.62419882e-02
  7.62996674e-02 -3.74462493e-02  7.13988990e-02  3.81419547e-02
 -7.42339045e-02 -3.48048955e-02 -2.42688274e-03 -5.03357649e-02
  4.13216650e-02  1.47816669e-02 -2.71730386e-02  4.05535549e-02
  2.10066997e-02  4.53492850e-02 -3.36428988e-03  3.53010669e-02
 -7.81135857e-02  1.07507370e-02 -1.71407629e-02  4.50121984e-02
 -2.09763665e-02 -5.11707738e-02  1.46032926e-02  3.92351374e-02
  1.57931577e-02 -1.07652582e-02 -4.22174903e-03  3.96287404e-02]"
Information Systems & Technology,Undergraduate,School of Science & Technology,"['science', 'coding', 'maths_for_programming', 'computational', 'applied', 'capstone', 'internship', 'enterprise_systems_projects', 'business_it_alignment', 'systems_integration_practicum']","Covers enterprise systems, IT alignment with business processes, and systems integration projects.","Information Systems & Technology (Undergraduate, School of Science & Technology) Attributes: science, coding, maths_for_programming, computational, applied, capstone, internship, enterprise_systems_projects, business_it_alignment, systems_integration_practicum. Description: Covers enterprise systems, IT alignment with business processes, and systems integration projects.","[ 1.00075388e-02  8.14047363e-03 -3.60964313e-02 -9.43383798e-02
  3.20784748e-02 -9.59593952e-02  7.35135153e-02  6.92732483e-02
  8.94421153e-03  2.76787989e-02 -6.28511757e-02  6.82112062e-03
  9.63641554e-02 -6.95203468e-02 -6.00005547e-03 -4.27551642e-02
 -2.30265912e-02 -1.15185611e-01  6.17814437e-02 -7.60776550e-02
 -4.96231765e-03  3.38313095e-02 -7.17030698e-03 -7.32715288e-03
 -1.78418122e-02  1.66327897e-02  3.63890380e-02 -2.21988130e-02
 -8.18707272e-02 -8.60270560e-02 -1.16743311e-01  1.89808048e-02
  9.51428488e-02  5.08918166e-02  1.21595673e-02  4.25383896e-02
  5.04028462e-02 -3.44554298e-02  6.83150366e-02  3.74392904e-02
 -8.96331891e-02  2.43996456e-02  7.27138994e-03  1.01977885e-02
  2.37960294e-02  2.59277131e-02 -8.22377019e-03 -8.57666135e-02
 -6.61301315e-02 -1.13365930e-02 -4.98803146e-02 -1.74609534e-02
  2.72976025e-03  1.86767938e-05 -3.05367783e-02  4.47410997e-03
  9.29102823e-02  1.98187232e-02 -8.88868719e-02 -4.38203886e-02
  1.07814530e-02 -4.39276397e-02  3.39545086e-02  9.87968519e-02
  4.46000621e-02  7.23443404e-02 -5.33159748e-02  6.48875237e-02
 -5.95222451e-02 -1.99045707e-02 -7.09363893e-02 -2.35809982e-02
 -1.06687918e-01  9.69847217e-02  8.65171775e-02 -4.31838296e-02
  7.04040825e-02  8.10973048e-02  5.11989892e-02  1.34122390e-02
 -3.32435407e-02  6.51993081e-02 -1.07606940e-01  1.40646910e-02
 -2.74284258e-02 -3.31692249e-02 -8.01591203e-02  3.22937295e-02
 -4.99047060e-03 -8.99056811e-03 -4.95206611e-03 -1.03095405e-01
  2.05794871e-02  3.02464534e-02  8.26808736e-02  1.28077231e-02
 -5.68386260e-03 -9.39677730e-02  3.10124140e-02 -2.08501089e-02
 -6.41658679e-02  3.95188890e-02  2.83431634e-02 -1.67694106e-03
 -7.07120821e-02  1.00741368e-02  3.25092226e-02  4.50230166e-02
  4.22179960e-02 -7.48068243e-02  4.98928204e-02 -4.05267552e-02
 -4.17543910e-02 -4.40139398e-02  7.58689409e-03 -1.18996920e-02
 -3.09228580e-02  5.83800897e-02  8.74660164e-02  2.05184761e-02
 -2.01982912e-02  2.65417341e-02 -7.47361556e-02 -7.25856870e-02
 -9.10952985e-02 -8.94679576e-02 -8.53448957e-02 -4.66060955e-33
 -1.00582451e-01  8.77801552e-02  1.65792629e-02  6.99015036e-02
  2.48611607e-02 -3.89797539e-02 -1.76389376e-03  2.98205228e-03
 -7.31765255e-02  3.00538000e-02 -4.08017337e-02  1.37353808e-01
 -5.34217572e-03  3.06880139e-02  6.02709204e-02  1.05653098e-02
  9.93266515e-03  6.64913878e-02 -2.02338938e-02 -2.94027179e-02
  1.41627770e-02  8.46203510e-03 -7.11359689e-03 -2.93174852e-02
  1.07689820e-01  3.25070024e-02 -4.20770422e-02  3.10482588e-02
  6.01351894e-02 -1.87188517e-02  3.86588611e-02  5.16328681e-03
 -5.08692041e-02 -1.71254408e-02  5.01010865e-02 -2.24770457e-02
  5.00150248e-02 -1.74434129e-02  4.92672659e-02 -5.51978163e-02
 -3.57032269e-02  7.80179277e-02 -4.16129231e-02  6.03599707e-04
  4.39938344e-02 -6.46752343e-02  7.96709359e-02  1.27828785e-03
  1.07698090e-01 -3.12608033e-02  7.41163455e-03 -4.69659790e-02
  9.08785909e-02 -2.53709089e-02 -3.73250693e-02  6.23278506e-02
  5.73599525e-02 -8.36997628e-02 -3.74767296e-02  3.17381993e-02
 -3.67211364e-02 -6.57734722e-02  4.01709080e-02 -1.10403933e-01
 -1.09297857e-02  1.46592478e-03  1.49492240e-02 -1.89503226e-02
  1.33667782e-01  1.80075597e-02 -3.12110167e-02 -3.92393135e-02
 -3.46343108e-02  8.66972953e-02 -5.39590679e-02  2.94455905e-02
 -2.50977725e-02 -2.59862896e-02 -8.73474032e-03  1.03615373e-01
 -1.15415163e-01  2.27405988e-02 -5.59532009e-02 -3.25855538e-02
 -7.72022037e-03  1.79100170e-05 -3.17414068e-02  7.26546859e-03
 -6.95522781e-03 -6.73160329e-03  1.04174046e-02  8.16466380e-03
 -4.57665995e-02  1.06368378e-01  5.72028058e-03 -9.24923495e-34
 -1.68836340e-02 -3.78020070e-02 -3.64584811e-02  1.68687757e-03
  9.26768109e-02 -2.14382838e-02  2.41909884e-02 -4.35779989e-02
 -1.09486692e-02  3.43241990e-02  9.20940936e-03 -1.55673260e-02
 -1.22517131e-01 -1.37920324e-02 -2.54120491e-03  1.49853155e-02
 -3.75629179e-02  7.74228806e-03 -2.19589267e-02  6.72407746e-02
 -8.19377135e-03  1.30797643e-02  2.19485648e-02 -1.67202055e-02
  8.89546126e-02  1.03340577e-02 -2.43555568e-02 -6.55093789e-02
  9.53202546e-02  2.22570449e-02  3.76232006e-02 -5.88141643e-02
 -2.02868264e-02  4.22480442e-02 -3.11486982e-02 -5.17093092e-02
  4.45726439e-02 -7.66006336e-02  2.14087255e-02 -5.79928281e-03
  7.47753531e-02 -2.87850611e-02 -3.16735841e-02  6.42287806e-02
  3.60368937e-02  3.23705897e-02 -3.38868238e-02  4.03347798e-02
 -8.92254896e-03 -4.63943556e-02  2.54067555e-02  4.26454805e-02
  5.57159483e-02 -2.65602563e-02  5.91838099e-02  1.16360523e-02
  1.07584698e-02  1.30497897e-02 -5.45298606e-02  1.06339231e-02
  3.29433158e-02 -2.97587533e-02  1.04483500e-01  3.97666618e-02
 -4.69431840e-02 -2.73557249e-02  5.42125013e-03 -5.21936640e-03
 -9.43791643e-02 -1.05362967e-01  2.90524364e-02  4.17286605e-02
 -1.22729816e-01 -2.47425400e-02 -6.08707815e-02 -5.88350650e-03
  5.63841360e-03  2.00949721e-02 -7.62026757e-03  9.28786770e-03
 -3.97666097e-02  2.72573438e-02 -7.57418349e-02  3.32237147e-02
 -7.92028084e-02 -2.56918613e-02  6.28129989e-02 -4.56532389e-02
 -1.54306423e-02 -1.25993609e-01 -1.01652376e-01 -3.84027362e-02
  8.59794207e-03  7.14445626e-03 -1.18763380e-01 -3.98393567e-08
 -4.23458777e-02 -3.05663841e-03 -1.15839317e-02  3.27201858e-02
 -9.70782191e-02  1.23305485e-01 -3.13828476e-02 -1.55842043e-02
  7.66272948e-04 -4.47441749e-02 -4.09684516e-02 -4.60468046e-02
  2.02158757e-04  1.91628076e-02  8.95743296e-02 -2.92739714e-03
 -4.22052853e-02  2.09355298e-02  1.56230507e-02  1.22266095e-02
  1.17590137e-01 -2.32730736e-03 -7.03212023e-02  8.68254155e-03
  2.20634025e-02  1.02176741e-02 -1.39932455e-02 -1.35985026e-02
  4.08626720e-02  1.65520236e-02  3.39642391e-02 -3.04893367e-02
 -3.19374502e-02  7.01320474e-04  2.03172490e-02 -3.22401002e-02
  7.19982609e-02 -1.78227574e-02  3.36544551e-02  1.60344113e-02
 -3.49696092e-02  5.33206761e-03  5.86213171e-03  1.62041821e-02
  4.92609711e-03  2.68423539e-02 -2.41643842e-02  8.27229246e-02
  9.71141551e-03 -2.95432173e-02 -2.40400732e-02  1.95398368e-02
 -8.22196975e-02  1.59217697e-02 -7.11731752e-03 -2.73533668e-02
  9.61309671e-02 -4.97655086e-02 -1.35615049e-02  1.34759825e-02
  3.76842022e-02  1.71793476e-02  2.02385942e-03  2.21092738e-02]"
Data Science & Analytics,Undergraduate,School of Science & Technology,"['science', 'coding', 'maths_for_programming', 'computational', 'quantitative', 'capstone', 'internship', 'big_data_platforms', 'model_deployment', 'feature_engineering']","Emphasizes big data platforms, statistical modeling, and feature engineering for predictive analysis.","Data Science & Analytics (Undergraduate, School of Science & Technology) Attributes: science, coding, maths_for_programming, computational, quantitative, capstone, internship, big_data_platforms, model_deployment, feature_engineering. Description: Emphasizes big data platforms, statistical modeling, and feature engineering for predictive analysis.","[ 1.03546502e-02 -5.27894031e-03 -7.04781443e-04  4.06724401e-02
  5.84715717e-02 -1.26817167e-01 -2.88240984e-02 -6.02764171e-03
 -8.89627114e-02  4.41687964e-02 -8.45000595e-02 -4.82556522e-02
  5.65761887e-02 -2.64487155e-02 -8.40891078e-02  7.62176439e-02
 -2.39115171e-02 -4.62765805e-02 -1.47589464e-02 -1.15711808e-01
 -1.25660263e-02  2.88165305e-02  2.39545479e-02 -2.83851568e-03
  4.75379378e-02  2.23362241e-02  4.03732629e-05  1.70384161e-02
 -3.75892632e-02 -1.84833002e-03 -9.65595096e-02  2.59648599e-02
  2.31430996e-02  5.00448160e-02 -4.30251919e-02  3.63979824e-02
  1.45948408e-02 -1.54728489e-02  2.54867263e-02  3.11291516e-02
 -7.46320486e-02  3.47188897e-02  3.68319266e-02 -6.67706039e-03
  2.63668653e-02 -2.23440900e-02  2.15089675e-02 -9.02817696e-02
 -3.53389122e-02  2.48011649e-02 -7.30760470e-02 -3.63068692e-02
 -8.64947587e-02  3.15064415e-02  3.72529626e-02 -3.14182835e-03
  5.66032529e-02 -7.43538467e-03 -3.25775123e-03  3.86705101e-02
 -3.86684500e-02 -4.89539802e-02  4.35992405e-02  1.00020446e-01
  1.73444133e-02  1.99145414e-02 -1.74049251e-02  9.63298082e-02
 -7.44708581e-03 -4.13475931e-02  1.48067083e-02  1.37091638e-03
 -1.14569217e-01  5.43195866e-02  8.46461430e-02 -9.14948247e-03
  5.21448106e-02  6.88580275e-02  1.31139532e-01  1.83545938e-03
 -4.20201384e-02 -3.41785289e-02 -3.28186899e-02  3.51837128e-02
  1.17621990e-02 -4.15204354e-02 -5.11810705e-02  3.50779891e-02
 -6.27544746e-02  2.86269211e-03  8.23371578e-03 -1.00715291e-02
  2.25567352e-02  2.44172961e-02 -6.23443797e-02  2.41743587e-03
 -6.04190491e-02 -8.70959163e-02  4.95949909e-02 -1.23077501e-02
 -6.72852695e-02 -1.62381228e-04  2.61659864e-02  8.15677196e-02
 -4.22804803e-02 -4.77845930e-02  8.09033439e-02  1.97378658e-02
  9.39298235e-03 -1.26011884e-02  6.21108748e-02  3.16248834e-02
 -3.56737599e-02  2.36970722e-03 -5.96965570e-03  4.19487096e-02
 -6.52805567e-02  3.43647189e-02 -2.77310191e-03  5.20534813e-02
 -7.00111985e-02  3.10945027e-02 -7.45952055e-02 -7.81708807e-02
 -3.49855348e-02 -3.05505954e-02 -1.29418746e-01 -2.95039605e-33
 -2.78456286e-02  1.85956936e-02  9.15614609e-03  2.28252681e-03
 -6.53204555e-03 -1.81544211e-03 -1.50022842e-02  3.83274108e-02
 -4.25315686e-02  5.65940030e-02  2.67715217e-03  1.22280784e-01
 -3.62940840e-02  1.42440706e-01  1.38491213e-01  4.03006375e-03
  3.26135829e-02  6.95036501e-02 -7.08752647e-02 -5.77417910e-02
  6.95968941e-02 -4.27558050e-02  9.56090633e-04  6.50773346e-02
  7.86318779e-02 -3.17572393e-02 -2.57704053e-02 -4.84284945e-03
  2.26079077e-02  3.45412903e-02 -5.00574596e-02  1.47103900e-02
 -3.11783124e-02  4.96156700e-02 -7.49722403e-03 -6.48846254e-02
 -1.40832271e-02 -5.06018996e-02  2.19219569e-02  1.85288861e-02
 -1.48080932e-02  3.68967056e-02 -7.81919509e-02 -5.60944080e-02
 -3.37023437e-02 -3.65968607e-02  7.31333122e-02  2.32982803e-02
  7.61765242e-02 -4.91125621e-02 -5.22959493e-02 -8.03265497e-02
  1.07980356e-01  2.21036151e-02  1.65493637e-02  1.34851933e-01
  9.48047731e-03 -1.02980398e-01 -5.51207848e-02  3.58256251e-02
 -1.10822901e-01  2.88002845e-02  7.14581683e-02 -1.09600477e-01
 -8.42036083e-02  1.11720450e-02  1.05989762e-02  6.04552887e-02
  1.41621411e-01  1.24593619e-02 -1.52603025e-02 -3.20276315e-03
  6.19097985e-03  4.68108580e-02  3.41467410e-02 -3.89953181e-02
  8.57512059e-04 -2.53603682e-02  2.02372745e-02  7.38587826e-02
 -5.87216541e-02 -2.05121227e-02 -4.52744886e-02 -6.06517196e-02
  6.55155675e-03  2.95588262e-02 -1.48678105e-03 -1.56200863e-02
 -4.33250852e-02 -1.72257144e-02 -1.03283092e-01 -1.14447484e-02
 -2.81247473e-03  1.06745586e-02 -7.38148019e-02 -1.27087332e-33
 -8.80543068e-02  3.26315165e-02 -3.29446755e-02  3.66552845e-02
  7.45399222e-02 -3.79306711e-02 -2.11112145e-02 -1.00422442e-01
  6.03231974e-02 -5.98260760e-03 -5.02244234e-02 -1.12175588e-02
 -4.00925055e-02 -2.08066758e-02 -7.87304435e-03 -1.19472835e-02
 -1.05526626e-01 -4.37805206e-02 -9.55960453e-02  5.42407967e-02
 -5.08729778e-02 -1.60082132e-02 -1.76180508e-02 -5.32907546e-02
  6.96255639e-02 -4.97842208e-02 -7.29673216e-03 -2.13914905e-02
  1.27133191e-01  5.41279316e-02 -5.78364497e-03  3.62467323e-03
 -1.07856160e-02 -1.25860553e-02  3.53265554e-03 -2.84657422e-02
  1.45338997e-01 -4.03989032e-02  1.62474101e-03  4.45262752e-02
  4.51726578e-02 -2.55642459e-02 -1.50940660e-02  7.46761709e-02
 -3.19774589e-03  6.99334294e-02 -2.09272541e-02  7.83537701e-02
 -4.37582983e-03 -8.52453187e-02 -1.84621792e-02  7.79872760e-02
  5.53166606e-02  1.23503699e-03  1.56405177e-02 -5.30631281e-02
  2.71176435e-02 -6.18516700e-03 -9.26230848e-02  4.37987298e-02
  6.09136373e-03 -5.07959276e-02  7.47982115e-02  4.10716534e-02
 -8.36850554e-02 -3.15061957e-02 -1.65780745e-02 -2.01785546e-02
 -1.15068682e-01 -6.15321137e-02  3.42225507e-02 -1.21074785e-02
 -4.59243618e-02  3.69262397e-02 -1.04139902e-01 -2.84566591e-03
 -4.88007329e-02 -1.92384738e-02  1.68963894e-02  5.07248156e-02
  6.26603961e-02  2.62467694e-02 -1.39870457e-02  2.50799414e-02
  9.44699440e-03 -5.88035733e-02  2.36975774e-02  6.08028052e-03
 -7.66763464e-03 -1.21253304e-01 -1.11295827e-01  2.98850774e-03
 -8.54156390e-02 -5.88488486e-03 -5.82340248e-02 -3.53487408e-08
  4.33636196e-02 -1.53703727e-02  6.16018027e-02  2.50259391e-03
  3.20399888e-02  7.01719820e-02 -3.76237221e-02  5.14234267e-02
  1.72301978e-02  1.98200475e-02  2.29693633e-02  3.76110636e-02
 -4.29647341e-02 -4.17270288e-02  5.32222874e-02 -3.52926441e-02
  3.92489806e-02 -5.56413271e-02  2.70057060e-02  1.15325721e-02
  4.49446030e-02  4.61564492e-03 -6.50770664e-02  2.05623582e-02
  3.10764182e-02 -7.88075849e-02  1.71113119e-03 -7.72348372e-03
  1.93941279e-03  1.93807222e-02  2.98716640e-03 -4.32177894e-02
  4.31357361e-02 -4.15370166e-02  6.35457411e-02  2.29906756e-03
  8.58594477e-02 -1.10255163e-02  3.51458713e-02 -9.72539280e-03
 -1.05162319e-02  5.61496206e-02  1.98234199e-03  1.91475172e-02
  1.64416153e-03  2.15344876e-02  6.96948124e-03  5.67958988e-02
  5.48587702e-02  6.63181618e-02 -1.24339899e-02 -1.95769332e-02
 -7.69749805e-02  1.22536011e-02  4.64180484e-02  7.60865435e-02
 -3.23646255e-02 -3.01802065e-02 -1.79083645e-02  3.41147296e-02
  4.44426425e-02  3.01932059e-02 -2.23189546e-03 -2.19855737e-02]"
Artificial Intelligence & Robotics,Undergraduate,School of Science & Technology,"['science', 'coding', 'maths_for_programming', 'computational', 'experimental', 'capstone', 'internship', 'robotics_lab', 'control_systems_projects', 'sensor_integration_practicum']","Explores robotics, control systems, and AI applications with hands-on sensor integration projects.","Artificial Intelligence & Robotics (Undergraduate, School of Science & Technology) Attributes: science, coding, maths_for_programming, computational, experimental, capstone, internship, robotics_lab, control_systems_projects, sensor_integration_practicum. Description: Explores robotics, control systems, and AI applications with hands-on sensor integration projects.","[-3.91644277e-02 -7.46243224e-02  2.46569477e-02 -1.95350721e-02
  5.31238914e-02 -1.23417795e-01  2.74487156e-02  3.78266089e-02
 -1.04225121e-01  5.06919734e-02 -1.66616403e-02 -6.34987131e-02
  5.96283451e-02 -3.40021364e-02 -2.46640015e-02  5.12291454e-02
  2.67198253e-02 -3.20021696e-02 -3.12873237e-02 -6.92791119e-02
  3.55475303e-03  3.10049523e-02  1.02035373e-01 -2.23238003e-02
 -3.74256372e-02  6.72320798e-02  5.49735874e-02 -7.34822005e-02
 -9.93608013e-02 -1.49712544e-02 -3.83495316e-02 -5.89223020e-03
  4.02221642e-02 -3.18362489e-02  8.25873092e-02  4.25064266e-02
 -1.52516337e-02 -4.72344123e-02  7.11030588e-02 -1.13938665e-02
 -5.60809933e-02  1.22875199e-02  9.31749195e-02 -3.58652212e-02
  3.61461714e-02  9.83801857e-02  2.83464659e-02 -8.28255415e-02
  1.87785607e-02  2.17268784e-02 -7.49221593e-02 -3.96226719e-02
  2.70001572e-02 -4.93067391e-02 -1.39677487e-02  9.44318995e-03
  1.81134827e-02  1.11499354e-02 -1.72095429e-02 -4.32302319e-02
  4.96512186e-03 -1.70495324e-02  5.36988415e-02  6.78143278e-02
  9.71477106e-03  1.36739053e-02 -9.19271559e-02  7.38250911e-02
  3.54092121e-02 -5.89749292e-02  5.66180423e-02  5.80548346e-02
 -1.87408254e-02  2.25385353e-02  9.02381837e-02 -7.73432851e-02
  4.20185663e-02  3.96569520e-02  6.32242188e-02 -2.86844019e-02
 -5.60013065e-03 -8.49080533e-02 -7.85900131e-02  5.37613705e-02
 -1.90763327e-03 -5.98203503e-02 -8.54777358e-03  4.55225967e-02
  3.15547339e-03  2.60893349e-02 -1.95460152e-02 -1.25787109e-01
  6.80665299e-03 -1.54410601e-02  2.41488889e-02  4.99678601e-04
 -1.04997959e-02 -6.53328374e-02 -1.56405959e-02 -1.44359497e-02
 -8.64789113e-02 -4.80916873e-02 -3.52562964e-02  5.23217358e-02
 -4.01447229e-02  1.80717129e-02  1.45460451e-02 -1.85432583e-02
  1.01700291e-01  2.87521747e-03  3.12304683e-02 -5.57749979e-02
  1.48234731e-02 -2.04521753e-02  3.56784314e-02  5.03750965e-02
  3.72065641e-02  5.75277656e-02  7.82456547e-02  6.49342537e-02
 -4.67546992e-02 -2.59131603e-02 -6.40245378e-02 -1.36140361e-02
  6.07266836e-03 -3.03032007e-02 -4.98652905e-02 -4.29411245e-33
 -1.10961102e-01  4.38183434e-02  2.68454142e-02  4.52922136e-02
  1.31783029e-03 -3.43258567e-02  3.48000452e-02  3.60026844e-02
 -4.75599170e-02 -2.10525095e-03  7.98385218e-03  6.77256361e-02
 -6.51811585e-02  9.51935202e-02  5.84496595e-02 -2.68538427e-02
  4.14130166e-02 -2.00297665e-02 -2.41606608e-02 -2.20007990e-02
  2.42487192e-02 -1.66959744e-02 -3.11235208e-02  9.06127319e-02
  6.26401454e-02  2.40459330e-02 -2.78020333e-02  2.26034205e-02
  7.32059479e-02 -3.48300021e-03 -2.42976914e-03  7.01644197e-02
 -8.88470784e-02  1.03818988e-02 -1.81024298e-02  7.04337656e-03
  7.52529083e-03 -4.23319116e-02 -1.44299548e-02  9.99350194e-03
  2.42873412e-02  1.76108107e-02 -2.95405611e-02 -9.58922282e-02
 -8.81024450e-03 -7.10159987e-02  1.48604680e-02  1.56937204e-02
  5.05381748e-02 -2.07224283e-02 -5.51685281e-02 -1.65326986e-02
  3.24530303e-02 -6.55395389e-02  2.02197973e-02 -4.79555763e-02
 -2.88276095e-02 -1.67643856e-02 -6.48956299e-02  1.56571269e-02
 -4.48363274e-02 -6.11842517e-03  2.90490477e-03 -6.02858402e-02
 -2.50798445e-02  7.65196681e-02  7.46538192e-02  4.67919596e-02
  1.80772156e-01  3.00887320e-02 -7.03691989e-02 -1.26968082e-02
 -2.19308380e-02  7.02356473e-02 -1.54063692e-02  4.20570523e-02
 -4.47806716e-02 -1.17524669e-01  5.62669709e-02  9.93350148e-02
 -6.12867661e-02  6.45106519e-03 -7.25175366e-02  1.25287483e-02
  5.13650179e-02 -2.04560552e-02 -8.37285370e-02 -2.51040515e-02
 -4.27364893e-02 -3.59852277e-02 -2.90545598e-02 -4.78612520e-02
 -4.43170778e-02  8.42206776e-02 -8.87814239e-02 -1.08029363e-33
 -4.39812094e-02  3.47679518e-02 -4.62655500e-02 -2.05866829e-03
  4.82916050e-02 -1.13267284e-02 -2.91879419e-02 -5.05214222e-02
  3.62616703e-02  3.35098431e-02 -9.17049870e-02 -3.65627296e-02
 -2.07084157e-02  7.60863423e-02 -2.87456065e-02  3.41782495e-02
 -9.27458405e-02 -6.36050850e-02 -8.08060821e-03 -1.57589535e-03
 -8.05095769e-03  7.32254088e-02 -2.33120704e-03 -3.25948708e-02
  3.17283794e-02  2.13853884e-02 -1.32124894e-03  2.78003663e-02
  3.92614678e-02  4.04012203e-02 -2.70080287e-02 -2.35600900e-02
  1.02237184e-02  7.81024899e-03 -6.63032057e-03  1.78497434e-02
  7.97861144e-02 -3.83422785e-02 -5.99788735e-03  2.40141414e-02
  6.79126233e-02 -9.38422531e-02 -5.29167615e-03  2.17764322e-02
 -1.30652105e-02 -3.34870480e-02 -6.47813231e-02  1.10029943e-01
 -4.86491844e-02 -4.13889438e-02 -6.68178722e-02  1.71124153e-02
 -6.30282471e-03 -7.78780580e-02  2.00814046e-02  1.48287164e-02
  4.55209948e-02  5.33071309e-02  9.00667347e-03  2.82768086e-02
  1.62354559e-02 -6.95383251e-02  8.57903287e-02  1.13918178e-01
 -9.55935568e-02  5.07703833e-02  2.57963985e-02  3.20401741e-03
 -5.70621267e-02 -7.43112639e-02  7.58932754e-02  6.31095916e-02
  3.25501636e-02  4.00806665e-02 -3.48495506e-02  8.92055978e-04
 -1.52443759e-02  5.37784174e-02  3.80956661e-03 -8.24305601e-03
  9.88372881e-03 -2.68813148e-02  4.32332326e-03  1.15427792e-01
 -3.62954177e-02  1.50995031e-02 -3.96116041e-02 -5.75067475e-02
  3.97461504e-02 -9.76183712e-02 -3.65692899e-02  3.03164199e-02
  1.57646853e-02  6.19665487e-03 -1.55506223e-01 -3.58595003e-08
  3.74434441e-02 -3.14003304e-02  4.60917875e-02 -1.63057577e-02
  4.46525495e-03  1.23976178e-01 -6.82017878e-02 -5.62999099e-02
 -3.83826159e-02 -1.53894750e-02  1.26836821e-02 -3.77154425e-02
 -3.65569419e-03 -1.95947438e-02  6.27652109e-02 -2.41312874e-03
 -2.18853587e-03 -2.55216882e-02  3.73991281e-02 -4.65545952e-02
  8.74526873e-02 -5.47197787e-03 -5.55854477e-02  6.06250092e-02
  7.06952857e-03 -6.25071079e-02 -5.42415418e-02 -6.23746142e-02
 -1.73733421e-02  3.75102349e-02 -3.76056768e-02 -5.09325787e-02
  6.66823760e-02  9.34208161e-04  9.29023474e-02  2.89778523e-02
  1.38873307e-04 -1.08213082e-01 -3.84161398e-02 -2.84718890e-02
 -6.98973006e-03  6.95099607e-02 -3.80644724e-02 -2.94886623e-02
  5.82027137e-02  2.58109383e-02  2.10887678e-02 -5.21377251e-02
  1.54854460e-02  3.49981152e-02 -3.89567204e-02  3.82472612e-02
 -7.59038404e-02  3.46541852e-02  5.10856882e-02  9.12172049e-02
  1.80807319e-02 -9.39633101e-02 -7.65352547e-02  5.62585220e-02
  3.28722112e-02  9.91101712e-02 -9.33678299e-02 -9.35452990e-03]"
Software Engineering,Undergraduate,School of Science & Technology,"['science', 'coding', 'maths_for_programming', 'computational', 'applied', 'capstone', 'internship', 'software_engineering_practices', 'ci_cd_projects', 'large_scale_system_design']","Centers on software design, CI/CD practices, and building large-scale systems with engineering principles.","Software Engineering (Undergraduate, School of Science & Technology) Attributes: science, coding, maths_for_programming, computational, applied, capstone, internship, software_engineering_practices, ci_cd_projects, large_scale_system_design. Description: Centers on software design, CI/CD practices, and building large-scale systems with engineering principles.","[ 1.18813692e-02 -1.11455629e-02  1.66923702e-02 -6.45583719e-02
  9.34135914e-03 -1.24440156e-01  3.37259087e-04  6.70950860e-02
 -5.08031435e-02 -1.01958006e-03 -1.06172867e-01 -9.74294394e-02
  1.10534593e-01 -7.79090971e-02 -3.90195623e-02  2.26186868e-02
 -3.58515903e-02 -7.44822025e-02  6.15350828e-02 -7.33728781e-02
  2.49149073e-02  2.59545352e-02  1.05325021e-02  3.51252686e-03
  2.20498461e-02  1.55049413e-02  3.83028388e-02 -3.55622768e-02
 -3.81385013e-02  7.03584694e-04 -5.15851639e-02  6.53553307e-02
  4.91295047e-02  5.35175540e-02  3.82236987e-02  5.59569523e-02
  1.99641596e-04 -9.56058651e-02  8.01931620e-02  3.37200388e-02
 -9.85997841e-02  9.78520736e-02  7.49254674e-02 -1.80783384e-02
 -4.17595468e-02 -5.94099239e-02 -1.44265471e-02 -8.10571387e-02
 -4.32229340e-02 -1.74807031e-02 -2.90460959e-02 -6.06684107e-03
 -4.83227223e-02 -1.22485440e-02  1.45893898e-02 -1.51298323e-03
  8.83543789e-02 -1.89916287e-02 -3.30197550e-02 -2.20066477e-02
 -5.55003844e-02  1.42551155e-03  4.76034582e-02  9.45499241e-02
 -3.10424026e-02  2.19826158e-02 -4.57322113e-02  1.14728250e-01
  3.73159684e-02 -1.00188823e-02  2.34276876e-02 -3.03632654e-02
 -4.58871610e-02  5.83882555e-02  1.23732045e-01 -6.42727613e-02
  1.17739486e-02  9.18867290e-02  7.63823092e-03 -2.50858087e-02
 -4.62555178e-02  5.37302606e-02 -5.25962710e-02  1.70969479e-02
 -3.39230783e-02 -8.35711788e-03  1.06928241e-03  6.17539547e-02
 -1.89419314e-02  4.12896350e-02  2.67660879e-02 -8.41676630e-03
  3.45424376e-02  3.62015888e-02  6.62651891e-03  1.50036961e-02
  2.79556550e-02 -1.13080144e-01 -1.37340119e-02 -2.00461000e-02
 -2.50602402e-02  1.78301465e-02  3.18608508e-02 -3.09927892e-02
 -7.59249777e-02  2.63392758e-02  6.01855516e-02  4.24810797e-02
  9.42946132e-03 -4.47502695e-02 -2.30414444e-03 -1.59866903e-02
 -5.28507233e-02 -2.89402977e-02  1.98571980e-02  5.80025762e-02
  3.33868228e-02  5.18850721e-02  4.74026054e-02  2.24691946e-02
 -3.49839870e-03 -1.64258555e-02 -1.02852196e-01 -1.17888510e-01
 -5.19389696e-02 -4.01366279e-02 -3.79147269e-02 -5.23388896e-33
 -1.20371312e-01  6.43100664e-02 -1.95525754e-02  3.60721089e-02
  1.49440276e-03 -7.74702802e-02  4.70548496e-02  9.24994797e-02
 -4.87996973e-02 -3.90841532e-03  3.03313676e-02  7.86379501e-02
 -6.37897104e-02  1.21318609e-01  1.21390492e-01  4.96719368e-02
 -1.01551600e-02  2.33787335e-02 -2.09288001e-02 -4.97911647e-02
 -1.03979893e-02 -5.04177026e-02  5.03385849e-02  9.33167152e-03
  6.06451146e-02 -7.11131375e-03 -1.23450765e-02  1.27584962e-02
  4.32330137e-03  1.93215907e-02 -1.58667918e-02  8.14084485e-02
  6.32409798e-03 -5.17524173e-03  4.83355857e-03  7.53130689e-02
  1.07545853e-02 -1.17625827e-02  9.07260925e-03  3.97883058e-02
 -6.91201631e-03  5.19626141e-02 -5.76449819e-02 -3.81032117e-02
  7.14274645e-02 -4.19924296e-02  5.07240035e-02 -3.62800919e-02
  5.24430349e-02 -2.25906167e-02  2.13614176e-03 -2.88263559e-02
  1.27962261e-01  1.03305755e-02 -1.22794053e-02  4.34609018e-02
  5.88400587e-02 -5.72794452e-02 -7.12150484e-02  3.98576222e-02
 -7.99446851e-02 -5.65028451e-02  3.55206877e-02 -8.97910371e-02
 -5.00110388e-02  2.62606121e-03 -1.90579109e-02  1.37829967e-02
  1.54756203e-01 -8.77044164e-03 -7.17621967e-02  2.80732429e-03
  3.62959993e-03  4.15822752e-02 -5.65281734e-02 -3.89674194e-02
 -4.27908339e-02 -5.90380058e-02  9.19930544e-03  9.49397907e-02
 -7.25161582e-02  6.18330315e-02 -6.08437620e-02 -6.66332096e-02
  7.70734325e-02  1.84063781e-02 -6.10761754e-02  5.83118573e-02
 -6.14737645e-02 -4.70079370e-02  1.07197501e-02 -6.36219531e-02
 -2.07509473e-03  7.51846880e-02 -2.85605285e-02 -6.10004518e-34
 -3.50543037e-02 -5.92478132e-03 -4.87181284e-02  1.42101347e-02
  7.19380304e-02 -1.46691501e-02 -3.58191244e-02 -4.43568118e-02
 -1.45905251e-02  1.61267184e-02 -4.01157402e-02 -3.15326527e-02
 -7.56049603e-02  2.55442336e-02 -1.36735793e-02 -3.86081673e-02
 -4.30900343e-02 -5.13794236e-02 -5.57356179e-02  3.38907912e-02
  2.46303361e-02 -3.69872376e-02  2.12919228e-02 -2.73286141e-02
  9.11302418e-02 -1.40733793e-02 -9.69311967e-03 -1.67210922e-02
  1.50723681e-01  3.37494467e-03  6.27533123e-02  9.57310945e-03
  1.45449238e-02  2.45061181e-02  2.45383680e-02 -3.56324539e-02
  6.63494095e-02 -3.68951634e-02  2.04695668e-02  3.63016240e-02
  8.11271518e-02 -6.69134781e-02  4.83664358e-03  2.43356768e-02
  4.05367725e-02  3.74638960e-02 -1.45620788e-02  4.86219116e-03
  3.89720243e-03 -4.98908386e-02 -1.09660169e-02  2.40729768e-02
  5.10115065e-02 -3.12736891e-02  6.61144331e-02 -5.16373105e-02
 -4.19791937e-02 -5.09880483e-04  4.22196835e-02 -7.98515901e-02
 -3.76989413e-03  7.69858807e-03  6.50799125e-02  4.89854217e-02
 -1.31960168e-01 -3.69002074e-02 -8.56208242e-03  3.67165841e-02
 -1.54309258e-01 -7.75215924e-02 -1.05877770e-02  2.75790039e-02
 -8.31000432e-02  4.63786157e-04 -1.16432533e-01 -5.09195440e-02
 -3.42494249e-02  2.27457494e-03 -6.90630376e-02 -9.77667794e-03
  3.14530805e-02  1.07780437e-03 -4.50302623e-02  7.94200748e-02
 -4.78283763e-02  2.07720250e-02  2.77924277e-02 -6.00798130e-02
  3.88383605e-02 -7.14667663e-02 -8.94234926e-02  4.65429798e-02
 -2.85156909e-02 -5.20102642e-02 -1.14091657e-01 -4.09204688e-08
 -2.71845665e-02  1.48541341e-03  1.29123346e-03  3.90596874e-02
 -4.75183688e-02  1.27799571e-01 -1.09216899e-01  2.68118642e-03
 -3.82029824e-03  2.09666416e-02  8.30815453e-03  9.38327226e-04
 -2.25743633e-02  1.17743481e-02  2.94213407e-02  2.66092308e-02
 -1.99817643e-02  7.57049583e-03  4.42721508e-02 -7.12164715e-02
  3.17414664e-02  3.75570394e-02 -5.32222586e-03  6.70416132e-02
 -2.61876415e-02 -3.05065680e-02 -2.54306961e-02 -5.15417233e-02
  2.29389314e-02  1.21880742e-02  1.39309904e-02 -2.90054940e-02
 -3.64983687e-03  2.92338990e-03  5.74789084e-02  1.26787731e-02
  6.96303099e-02  3.32240551e-03  4.39418145e-02 -1.48422178e-03
  1.79033098e-03 -1.66764250e-03  1.10381208e-02 -3.67031805e-02
  7.17373146e-03 -6.55147154e-03 -2.06854707e-03  7.04313070e-02
  2.28226297e-02  6.95313932e-03 -3.44005562e-02 -2.29978338e-02
 -1.78842634e-01 -1.06097069e-02 -6.36762753e-03  3.46218012e-02
 -3.18080969e-02 -3.30538452e-02 -3.65837738e-02 -4.87890281e-03
 -1.40692070e-02  4.70486321e-02  5.65300649e-03  6.93319365e-02]"
Information Security,Masters,School of Science & Technology,"['science', 'coding', 'maths_for_programming', 'postgraduate', 'thesis', 'computational', 'research', 'professional_certification', 'security_cert_prep', 'hands_on_red_team_labs', 'cryptography_research']","Advanced study of cybersecurity, cryptography, and red-team labs with professional certification preparation.","Information Security (Masters, School of Science & Technology) Attributes: science, coding, maths_for_programming, postgraduate, thesis, computational, research, professional_certification, security_cert_prep, hands_on_red_team_labs, cryptography_research. Description: Advanced study of cybersecurity, cryptography, and red-team labs with professional certification preparation.","[ 9.66647733e-03 -3.71345365e-03 -6.20294847e-02  4.71932627e-03
 -3.66395409e-03 -3.41005139e-02  7.71832168e-02  3.35957818e-02
  9.50046815e-04 -2.69047320e-02 -5.61441034e-02 -4.25972901e-02
  8.82881433e-02 -2.33818660e-03 -4.56508696e-02 -1.22740800e-02
 -3.93055932e-04 -6.48263842e-02  4.79173809e-02 -7.30597079e-02
 -3.30801383e-02 -7.23301396e-02  7.51163960e-02 -9.55771655e-02
 -7.28158504e-02 -3.03886384e-02  1.63890775e-02 -3.93298902e-02
 -9.72584859e-02 -4.86917980e-02 -3.85984443e-02  8.33726674e-03
  6.05135225e-02  7.93767199e-02 -5.33479005e-02  3.19744498e-02
  7.79007375e-02  4.69523892e-02  6.42122924e-02  4.70536463e-02
 -1.01190314e-01  1.17056561e-03  3.56615707e-02  2.88576353e-02
 -4.31985892e-02  2.90545076e-03  2.67382972e-02 -2.82278694e-02
 -7.27604404e-02 -5.04823178e-02  1.40305385e-02 -8.10361188e-03
 -5.29936068e-02  5.02263661e-03 -6.05701655e-02 -7.84665793e-02
  4.15083915e-02 -2.98012421e-02 -8.19808617e-03 -6.54699421e-03
 -1.02018602e-02  2.65694372e-02 -2.65575182e-02  6.94331303e-02
  2.32471321e-02  1.78030618e-02  2.48049553e-02  7.07978159e-02
  1.56668834e-02  4.63264808e-02 -7.72091234e-03 -5.31621128e-02
 -7.42786750e-02  5.57853729e-02  8.81437212e-02 -8.95804167e-03
  5.61523288e-02  5.84916323e-02  7.04569966e-02 -2.87566315e-02
  4.36434597e-02  1.91874001e-02 -1.15186619e-02  5.45610301e-02
  2.54289750e-02  2.03487612e-02 -9.96489599e-02 -1.72548406e-02
  1.21320188e-02 -2.53147120e-03  2.61154715e-02 -2.42625456e-02
  3.36089060e-02  9.50827450e-02  3.26600932e-02 -4.74643633e-02
 -1.78319495e-02 -6.27044961e-02 -1.67055465e-02 -1.78684816e-02
 -6.98831230e-02 -2.51030400e-02 -3.93956993e-03 -3.24220620e-02
 -3.41042727e-02  2.73894146e-02  3.38388830e-02  2.18990464e-02
  3.35706361e-02  1.30176339e-02  6.65624663e-02  2.46003140e-02
 -9.75883827e-02 -5.66799641e-02  1.08032562e-02  8.01116377e-02
 -7.38938525e-02  7.16549084e-02  1.43846516e-02  8.08588937e-02
  9.21827778e-02  7.35496059e-02 -2.64250897e-02 -8.16309452e-02
 -6.56784922e-02 -1.49404898e-01 -9.69839916e-02 -3.51500215e-33
 -9.82996151e-02  5.45722321e-02 -4.38217036e-02  4.45919521e-02
  2.31402926e-02 -5.76716440e-04  3.05803716e-02  7.49410093e-02
 -7.55175650e-02  7.29064792e-02  2.01010108e-02  8.19845647e-02
  4.28500958e-03  2.10341159e-02  5.06324023e-02  7.96382278e-02
  9.93165281e-03 -2.14436860e-03 -1.02727041e-02 -3.95981744e-02
  3.13398987e-02 -4.92010675e-02  5.08212894e-02  4.25093761e-03
  9.83573869e-02 -2.08545811e-02 -5.82995489e-02 -1.41650613e-03
  5.79452552e-02  1.78455133e-02 -3.34115438e-02 -1.51095763e-02
 -7.25609660e-02 -3.95464711e-02  4.57658991e-02  4.24164720e-02
  4.56403010e-02 -2.23097038e-02  2.21811663e-02 -5.41173220e-02
 -3.44296638e-03  1.98846012e-02  3.09521827e-04 -1.42287361e-02
  5.20360433e-02 -1.20931240e-02 -2.35790517e-02 -6.05254583e-02
  6.36909604e-02 -1.24387065e-04 -7.82892853e-02 -5.60079366e-02
 -9.91980638e-03 -2.97810659e-02 -6.20141327e-02 -6.01420971e-03
 -3.85232014e-03  5.63363358e-02 -2.51673553e-02  3.57175320e-02
 -6.58087060e-02  4.81810756e-02 -5.00388220e-02 -1.21642016e-01
 -4.63128164e-02 -3.91493700e-02  3.99212241e-02 -5.35312574e-03
  1.08640440e-01 -2.13527834e-04 -9.85299796e-02  2.45557986e-02
  6.63623288e-02  4.22393270e-02 -6.55314475e-02 -5.47091737e-02
 -1.53854489e-02  1.29667036e-02  4.16054204e-02  9.68647450e-02
 -5.53218573e-02  2.07324959e-02  7.40529690e-03 -8.25900305e-03
 -3.57132740e-02  8.99146125e-02 -1.29268458e-02  7.38611370e-02
 -5.56938872e-02 -6.83982298e-03  3.34704630e-02 -6.08297288e-02
  2.13519540e-02  5.95399477e-02 -4.54310998e-02 -5.35945343e-34
 -9.10374969e-02 -1.09673245e-02 -9.50419828e-02  7.89034516e-02
  9.57751498e-02 -1.40897986e-02  2.08427384e-02  5.20762708e-03
  2.16689184e-02  8.91386643e-02 -1.66694690e-02 -2.77235936e-02
 -8.24953895e-03 -6.93116942e-03  6.84689805e-02 -1.96760129e-02
 -9.55767184e-02  2.60219997e-04 -6.40397742e-02  4.63532358e-02
  8.48189462e-03  3.54087353e-02  4.09513712e-03  2.00929530e-02
  7.57223666e-02  1.27756214e-02 -4.64984775e-03 -2.06846595e-02
  8.70051384e-02  8.50939304e-02  1.43947145e-02  2.06076279e-02
  1.58969108e-02  1.16463583e-02 -7.17470869e-02 -2.61181705e-02
  9.07611921e-02 -3.54453698e-02  3.24261561e-03  3.46275866e-02
  9.75255892e-02  2.98924297e-02 -3.98819000e-02  6.67968532e-04
  4.06176709e-02  4.76411879e-02  1.82958227e-02  7.37203285e-02
  3.26084532e-02 -5.87707460e-02  5.98426312e-02  3.44346203e-02
  1.30135603e-02 -3.68275531e-02  5.03599569e-02 -1.29116867e-02
 -2.61677261e-02  1.34129366e-02  7.63782708e-04  5.07432595e-02
  1.77057777e-02 -2.88682655e-02  5.45076430e-02  4.84866910e-02
 -4.55028974e-02 -2.02742033e-02 -6.84311911e-02  9.27015692e-02
 -9.70701799e-02 -5.58419339e-02  3.44581418e-02  2.43712794e-02
 -4.60300669e-02 -1.30921388e-02 -6.47637844e-02 -7.26702362e-02
 -2.06534490e-02  4.39951057e-03 -6.95218518e-02  1.07748732e-01
  1.81389917e-02 -4.19923523e-03 -8.21852237e-02  9.79102254e-02
  5.40734492e-02  2.13935319e-02  3.81227992e-02 -5.38650528e-02
  3.40612896e-04 -1.49981230e-01 -4.76990864e-02 -6.89330325e-02
 -4.15989123e-02 -3.51375267e-02 -2.97727864e-02 -3.84232273e-08
  6.06975444e-02 -3.14316563e-02  1.29079474e-02 -2.03104652e-02
  1.53421415e-02  8.92365947e-02 -9.86295268e-02 -9.59940329e-02
 -3.96488644e-02 -2.52672788e-02  4.68904264e-02 -6.22979142e-02
 -1.14581669e-02 -5.68801388e-02  2.61500664e-02 -4.25811112e-02
 -5.51517084e-02  2.64238729e-03  3.45617831e-02 -7.10406806e-03
  1.02617778e-01 -5.04734851e-02 -7.33639300e-02  1.72856655e-02
  3.69232297e-02  2.46491730e-02 -2.00934876e-02 -9.46468711e-02
 -5.98350214e-03  6.70378283e-02 -7.76805431e-02 -8.31384584e-02
  4.32144180e-02  9.81227309e-03  9.13584419e-03  2.10045204e-02
  4.41176295e-02 -7.69867972e-02  4.23888750e-02  7.37355947e-02
 -8.76265392e-02 -4.32190932e-02  5.06540537e-02  1.63283311e-02
 -6.59909993e-02  1.58484243e-02 -1.90654211e-02  3.85604938e-03
  6.37608692e-02  8.03230330e-04 -2.46501006e-02 -2.93985140e-02
 -3.72407809e-02  1.90079876e-03 -1.52996620e-02  3.04425787e-02
  1.49766840e-02 -7.08917603e-02 -3.70278209e-02  2.83103120e-02
  6.64338544e-02 -1.65518317e-02 -3.28748375e-02  4.28289138e-02]"
Information Systems and Technology,Masters,School of Science & Technology,"['science', 'coding', 'maths_for_programming', 'postgraduate', 'thesis', 'computational', 'research', 'enterprise_architecture_research', 'it_governance_projects', 'systems_security_practicum']","Masters-level program focusing on enterprise architecture, IT governance, and systems security research.","Information Systems and Technology (Masters, School of Science & Technology) Attributes: science, coding, maths_for_programming, postgraduate, thesis, computational, research, enterprise_architecture_research, it_governance_projects, systems_security_practicum. Description: Masters-level program focusing on enterprise architecture, IT governance, and systems security research.","[ 3.44827957e-02  4.17454578e-02 -2.26716436e-02 -6.54753819e-02
  6.23209812e-02 -4.76260073e-02  6.34240136e-02  5.21904789e-02
  5.92085719e-03  2.28890013e-02 -1.19502969e-01  3.31811048e-03
  8.87673199e-02 -6.92124963e-02 -5.24801062e-03 -2.72377208e-03
  1.29937120e-02 -9.90402326e-02  1.00321330e-01 -6.55054897e-02
  3.48920971e-02  9.29318927e-03 -2.17006505e-02 -6.66903034e-02
 -6.57295138e-02  3.21478359e-02  2.40534618e-02 -5.09339832e-02
 -8.83918852e-02 -5.00079170e-02 -7.55786449e-02  1.61300935e-02
  5.38128614e-02  8.19793642e-02 -2.02733353e-02  1.51686715e-02
  7.54174292e-02 -3.09578739e-02  2.75794342e-02  1.56087670e-02
 -7.36717209e-02  6.29970431e-02  3.05234734e-02  3.87165719e-03
  4.08166461e-03  3.64824124e-02 -5.84188616e-03 -6.82117343e-02
 -1.01410918e-01 -3.15749235e-02 -1.10778371e-02 -3.89347561e-02
  1.09907864e-02 -2.84098797e-02 -5.29705174e-02 -3.65955271e-02
  1.04865767e-01 -1.40371844e-02 -8.24842453e-02 -1.39580574e-02
 -1.00477543e-02 -4.41205408e-03 -2.90464051e-02  3.74619029e-02
  1.01381347e-01  7.00990483e-02 -4.87666987e-02  7.55444467e-02
 -4.67518903e-02  4.46946407e-03 -6.23264490e-03 -6.30955622e-02
 -6.19640984e-02  7.66616315e-02  7.61857703e-02 -6.54585883e-02
  3.99126858e-02  8.86841714e-02  7.59237260e-02 -1.88024826e-02
 -1.32901696e-02  6.24974035e-02 -5.98877966e-02  2.78397277e-02
 -4.15179580e-02 -2.52491441e-02 -8.44627917e-02  2.12285239e-02
  1.59189943e-02  3.69534157e-02  2.35609077e-02 -8.21601599e-02
  3.66226137e-02  1.02440387e-01  5.25565781e-02 -2.00646389e-02
 -5.07408157e-02 -9.32343975e-02 -1.06011443e-02 -3.15015092e-02
 -8.29864964e-02  2.43048687e-02 -1.74161978e-02 -1.89380087e-02
 -4.77595329e-02  6.47267029e-02  6.53759539e-02  5.59741780e-02
  3.99635397e-02 -4.39591594e-02  4.61586155e-02 -7.46350130e-03
 -3.00657619e-02 -7.03813955e-02  4.09488007e-03 -6.06559217e-03
 -4.14870754e-02  4.85795215e-02  9.34763104e-02  8.17512795e-02
  2.08160803e-02 -4.89440281e-03 -5.10875434e-02 -7.58917779e-02
 -9.03355032e-02 -1.09352931e-01 -1.12637043e-01 -5.41222138e-33
 -9.33500752e-02  4.90737408e-02  1.45504335e-02  3.80861163e-02
  5.73174953e-02 -3.21294926e-02  4.08577211e-02 -1.74567476e-02
 -8.50804374e-02  3.73466499e-02 -1.29695116e-02  4.22270149e-02
 -8.69731512e-03 -5.26885549e-03  9.79932025e-02 -9.06708278e-03
  3.19415145e-02  4.41352613e-02  3.88314947e-02 -2.90239174e-02
  5.32433158e-03  3.71613540e-02  3.52238193e-02 -6.03482574e-02
  1.49816602e-01  2.75221802e-02 -4.13361229e-02  1.14304731e-02
  7.34415650e-02  1.66136194e-02  2.64904387e-02  1.07608605e-02
 -8.50562826e-02 -1.86255164e-02  3.36914882e-02  2.03988329e-02
  9.22694504e-02 -3.11438157e-03  1.52871460e-02 -7.20264390e-02
 -2.43961941e-02  8.29750113e-03  9.61413141e-03  3.35733145e-02
  1.88840907e-02 -4.87726890e-02  5.24657518e-02 -3.27101015e-02
  5.97527847e-02 -2.07125340e-02  1.91726815e-03 -2.47054417e-02
  9.62764099e-02 -5.49004078e-02 -2.43450608e-02  1.85903087e-02
  1.03056349e-03 -4.24678028e-02 -3.70131136e-04 -3.52981873e-03
 -4.11802679e-02 -7.24752247e-02  2.97133438e-02 -8.72801840e-02
  1.82242095e-02 -1.40819727e-02  3.00895236e-02 -2.75117885e-02
  9.19321924e-02  1.98531020e-02 -5.34560159e-02 -2.34197546e-02
  3.88162956e-02  5.77025898e-02 -9.32001546e-02  3.11428402e-03
 -9.10724606e-03 -1.16350688e-02 -5.45309782e-02  1.13562770e-01
 -1.09870858e-01  2.90172528e-02 -2.67132986e-02 -5.25995232e-02
  2.05160826e-02  3.58947143e-02 -4.35355604e-02  3.57978158e-02
  1.47940377e-02  2.05190722e-02 -6.51636487e-03 -5.29798418e-02
  7.13532278e-03  1.17057331e-01 -2.61348076e-02  7.13581733e-34
 -5.88409379e-02 -3.50850672e-02 -1.00992098e-01  3.10634524e-02
  9.33520943e-02 -3.50674316e-02 -4.64362428e-02  1.64345242e-04
 -1.79327540e-02  5.03884144e-02 -1.15608657e-02 -1.72204059e-02
 -6.45617098e-02 -3.07333674e-02  3.67512554e-02 -1.21373972e-02
 -5.23536429e-02 -3.53665948e-02 -3.64408642e-02  2.85917465e-02
 -4.27338388e-03  2.31660437e-02  3.50746103e-02  1.94464922e-02
  6.03876114e-02  3.33913676e-02 -8.70118141e-02 -2.27470342e-02
  1.06332861e-01  4.36577313e-02  5.23320958e-02 -4.23417240e-02
  2.57653035e-02  5.85069433e-02 -4.86589223e-02 -2.68293153e-02
  6.96083084e-02 -8.12470466e-02  2.96650045e-02  1.72742978e-02
  4.38162237e-02 -2.34226249e-02  2.27103848e-03  3.94789726e-02
  6.63179532e-02  6.41535446e-02 -2.18777396e-02  6.79456666e-02
  3.91798280e-03 -6.57634884e-02  4.14680764e-02  4.10263613e-03
  2.83694249e-02 -2.22719666e-02  6.96995184e-02 -2.30977312e-02
  4.00960036e-02  2.92224437e-02 -2.70076469e-03  7.68137202e-02
  5.78016229e-02 -4.01229635e-02  3.75278220e-02  5.80233410e-02
 -4.90387529e-02 -9.43998899e-03 -1.18036950e-02  3.80484760e-02
 -8.18844885e-02 -5.21835908e-02 -2.55576111e-02  4.58712727e-02
 -1.19650356e-01  1.59266088e-02 -6.04954436e-02  9.49768536e-03
  3.36108580e-02  1.44235538e-02 -4.96952496e-02  5.07195517e-02
 -1.00378692e-02  8.51004571e-03 -6.91676140e-02  5.22232056e-02
  1.03611257e-02 -1.84222274e-02  5.64574711e-02 -5.53016439e-02
 -5.63129224e-03 -8.98990929e-02 -8.18065032e-02 -9.17296931e-02
  1.61389858e-02 -5.42398319e-02 -9.15248916e-02 -3.62364787e-08
  1.36545545e-03 -4.20288406e-02 -7.49953790e-04 -2.89246440e-02
 -7.52129257e-02  1.17841974e-01 -3.79250012e-02 -5.60666919e-02
 -6.66862121e-03 -6.49227649e-02 -2.68466435e-02 -6.36213422e-02
 -2.23629680e-02 -1.56281982e-02  7.62911886e-02 -7.19091967e-02
 -3.22409198e-02  4.38298797e-03  2.15006322e-02  8.57523363e-03
  1.19154774e-01 -9.88807622e-03 -4.25725020e-02 -3.80635262e-02
  3.71391736e-02  3.87858376e-02  5.26400702e-03 -5.92047535e-02
  2.93664411e-02  9.05632973e-02 -2.65932400e-02 -1.59396213e-02
 -2.83116829e-02  4.28213403e-02  2.03274023e-02 -6.72607403e-03
  7.03577846e-02 -3.65349688e-02  6.30856082e-02 -2.61636227e-02
 -4.24779169e-02 -1.59473103e-02  3.40426899e-02  4.71738353e-03
 -6.52958453e-02  6.69207424e-02  2.29627285e-02  6.00194186e-02
  3.73801254e-02 -3.02485842e-02 -2.55355816e-02 -4.34321444e-03
 -6.57929629e-02  3.29189897e-02 -3.36867757e-02 -1.39584942e-02
  5.82393557e-02 -8.23914632e-02 -1.82817206e-02 -2.88252886e-02
  7.72762969e-02 -3.55761428e-03 -2.01236624e-02  2.95488089e-02]"
Bachelor of Pharmacy,Undergraduate,School of Pharmacy & Health Sciences,"['science', 'chemical', 'maths_for_chemistry', 'lab_work', 'healthcare_focus', 'applied', 'capstone', 'licensure', 'professional_certification', 'pharmacy_compounding', 'pharm_lab_safety', 'drug_formulation_practicum']","Prepares students for pharmaceutical practice with compounding, drug formulation, and licensure requirements.","Bachelor of Pharmacy (Undergraduate, School of Pharmacy & Health Sciences) Attributes: science, chemical, maths_for_chemistry, lab_work, healthcare_focus, applied, capstone, licensure, professional_certification, pharmacy_compounding, pharm_lab_safety, drug_formulation_practicum. Description: Prepares students for pharmaceutical practice with compounding, drug formulation, and licensure requirements.","[ 1.83475148e-02 -6.62683649e-03  4.04509809e-03 -6.70509785e-02
 -7.89764449e-02 -4.27663065e-02 -9.32955090e-03  9.59429964e-02
 -4.65037078e-02 -2.57131029e-02 -1.13955811e-01 -6.64861649e-02
  6.46943524e-02 -1.39662297e-02 -4.41920161e-02 -5.79007454e-02
  2.92907581e-02 -1.53728761e-02  8.08142275e-02  5.05648889e-02
 -4.65495698e-02  2.09694635e-02  1.04953319e-01  7.04603363e-03
 -5.28170690e-02  2.62730569e-02  2.21308488e-02 -1.73927359e-02
 -7.26594329e-02  1.76124945e-02  2.05287300e-02  7.39079714e-02
  4.81850766e-02  2.70763086e-03  1.64082572e-02  7.04904320e-03
 -8.88764188e-02  1.07163079e-01  1.01348259e-01  8.57997984e-02
  1.81636177e-02  2.24721793e-04  1.60186982e-03  4.30404767e-02
  4.92412634e-02 -7.50696585e-02 -1.40850740e-02  3.84450471e-03
  3.01945098e-02  7.08413124e-03 -5.63435070e-02  4.47969092e-03
 -5.17797992e-02 -7.70588033e-03 -2.07688063e-02  2.12317575e-02
  5.19536110e-03 -3.58960521e-03 -8.07728171e-02  2.46465895e-02
 -1.27863973e-01  7.48570338e-02  4.46543358e-02  7.85103813e-02
  1.04163485e-02  5.40602915e-02  9.80068929e-03  6.69494495e-02
  8.10330734e-02 -3.88830975e-02  3.09721231e-02  2.49065310e-02
 -1.58782583e-02  7.41533041e-02  5.78599311e-02 -2.27903910e-02
  5.72850928e-02  4.24752496e-02 -6.22199290e-02 -9.68326721e-03
  2.12870166e-02 -1.45915477e-02 -7.33540580e-02 -2.13549118e-02
  7.12987676e-04 -6.99439123e-02  5.27408347e-03 -5.48768379e-02
 -6.27391797e-04 -1.42367603e-02  4.13795039e-02  2.45215259e-02
  8.92347656e-03 -6.61536679e-03 -3.18725929e-02  9.07360984e-04
 -6.50761575e-02  2.95615606e-02  1.04442500e-02 -1.56111540e-02
 -4.55682306e-03 -2.44893264e-02 -6.96194731e-03  1.56528465e-02
 -5.08271083e-02  2.17439812e-02  2.72870082e-02 -1.18451547e-02
 -1.30282827e-02  6.98091239e-02 -1.17661897e-03  1.22066755e-02
 -6.10466041e-02 -3.75701785e-02  1.65268425e-02  7.86245838e-02
  2.03383081e-02 -3.61088812e-02  5.64892590e-02 -1.20284352e-02
 -6.33827671e-02  4.28425334e-02 -1.26787731e-02 -1.22801103e-01
  3.22018925e-04 -1.08122662e-01  1.11615444e-02 -2.08982986e-33
 -5.74107543e-02  5.22099212e-02  4.98195440e-02  5.76683916e-02
 -4.36995365e-02  8.48350897e-02  3.29227955e-03 -2.19030045e-02
 -6.61229640e-02 -3.02730640e-03  1.56824440e-02  4.19469625e-02
 -7.19648972e-02  8.35185573e-02 -7.94803072e-03  4.43695262e-02
  2.62558069e-02  2.31831092e-02  5.15856445e-02  6.18213601e-02
 -5.83635122e-02 -1.90035943e-02 -5.47066145e-02  4.90204841e-02
 -6.78438917e-02  1.22119576e-01  3.40576773e-03  6.57731146e-02
  1.37637053e-02 -6.07740739e-03  9.06991027e-03  4.94983455e-04
 -1.14033222e-01 -8.31359178e-02 -4.65612598e-02 -2.31774505e-02
 -3.16594131e-02  4.10193950e-03  5.23265414e-02 -5.80357239e-02
 -4.73261029e-02 -3.45001579e-03  4.40137833e-02  2.38837432e-02
  1.02757458e-02  3.33132222e-02 -2.48527750e-02  8.46591592e-02
  3.77143174e-02  2.54836418e-02 -3.90435979e-02 -8.39547887e-02
  1.42700383e-02  4.59948853e-02 -1.24151167e-02  4.83519062e-02
 -7.39161298e-02  3.13910618e-02 -3.70652899e-02  7.43065104e-02
  5.18663488e-02  6.17494434e-02 -8.79353508e-02 -3.52833755e-02
 -6.55728057e-02 -2.40822937e-02 -8.83527771e-02  3.36171780e-03
  1.42172709e-01 -1.98169425e-02 -5.22453785e-02 -2.75249430e-03
  4.11258303e-02  8.62350240e-02  7.55257756e-02  2.02959441e-02
  4.61548613e-03 -7.03007579e-02  9.58676040e-02  5.51299453e-02
 -4.29189801e-02 -6.15215637e-02 -4.35360102e-03  5.18536717e-02
 -2.99609676e-02 -4.15467247e-02  7.08153918e-02  1.52104637e-02
 -3.54070775e-02 -4.29586060e-02 -2.43115649e-02 -4.32377867e-02
 -2.29978524e-02  9.01557952e-02  3.12031712e-03 -2.25023543e-33
  4.91133183e-02  9.97665804e-04 -1.25300614e-02  8.59580934e-03
  1.53584881e-02 -2.67631859e-02  4.97297868e-02 -5.89028606e-03
  4.17734322e-04  3.56512633e-03  1.04823429e-03 -1.62808951e-02
 -1.95364021e-02 -6.36143684e-02 -1.05615973e-01  1.23824328e-02
 -7.07117915e-02 -1.80036724e-02 -6.25217482e-02  1.33128222e-02
 -1.79449376e-02 -6.19522929e-02 -8.48518591e-03  5.16393706e-02
  1.37365544e-02  3.69600393e-03  7.06246048e-02  1.41844163e-02
  2.44596675e-02  2.94399187e-02  1.42835844e-02  4.44713496e-02
 -3.78999226e-02  1.60254911e-02 -8.41586813e-02 -6.44541520e-04
 -7.49946805e-04 -2.23663505e-02  4.26133983e-02  4.56375070e-02
  2.88217533e-02 -5.75585328e-02 -7.71698430e-02  1.83588080e-03
  5.30396029e-02  2.94815898e-02  3.51395756e-02  3.97772789e-02
  1.14434645e-01 -6.88427165e-02 -3.56365032e-02  6.66887015e-02
  7.08175227e-02 -6.97546965e-03  6.03590421e-02 -5.75649217e-02
 -6.02484681e-02 -6.40906617e-02  9.82362702e-02 -3.49287055e-02
  5.10369577e-02  3.22453864e-02  3.14916261e-02  2.90192906e-02
 -7.39085078e-02 -1.14967108e-01 -2.60121953e-02  1.50906257e-02
 -3.15115750e-02 -1.45491529e-02  8.12215060e-02  4.35926951e-02
  8.62098560e-02 -3.43040650e-04 -2.10655890e-02  7.41123513e-04
 -5.27321361e-02 -6.85893670e-02 -3.76937985e-02  3.92905320e-04
  2.65189391e-02 -1.26152381e-01 -6.13955781e-02  1.01833843e-01
 -4.71945964e-02 -1.73637103e-02  7.56090507e-02 -1.31467447e-01
  2.97689084e-02 -8.63424540e-02 -5.40979654e-02  3.99089083e-02
 -8.31218362e-02 -2.02911049e-02 -6.77108020e-02 -3.79574985e-08
  4.59579825e-02  8.00146163e-03  2.38956995e-02  4.09246236e-02
 -2.28755586e-02  9.27910507e-02 -8.08620751e-02 -1.19731158e-01
  5.90679375e-03  9.67067014e-03 -1.48662869e-02 -6.91521354e-03
 -6.28136769e-02  2.02176813e-02  1.90450195e-02  2.78367829e-02
  7.52940262e-03  6.59505129e-02  1.43664023e-02 -1.43049285e-02
 -2.26110406e-02  1.31396139e-02 -7.26835132e-02 -1.65544786e-02
  1.81468353e-02 -2.87955571e-02 -5.76933846e-03 -8.89498144e-02
 -2.63544712e-02  1.45524181e-02  1.97595358e-03 -5.15562594e-02
  5.35789579e-02 -5.63897267e-02  3.19480225e-02  4.84372713e-02
 -2.19374821e-02 -7.05303401e-02  4.31466848e-02  4.50874772e-03
 -1.08292274e-01 -3.84759009e-02 -6.16186894e-02 -1.04754735e-02
  2.03356910e-02 -4.77038398e-02  6.00872282e-03  1.08175091e-01
  2.85575781e-02 -1.25095909e-02  4.07978520e-02  2.83742584e-02
 -7.37619027e-02 -1.34109601e-01 -9.62116383e-03  6.41553551e-02
 -2.86901128e-02 -5.64377010e-02 -4.16577533e-02 -8.26489702e-02
  3.92886847e-02 -4.51949798e-02  1.46058304e-02  2.01687794e-02]"
Nursing,Undergraduate,School of Pharmacy & Health Sciences,"['science', 'maths_for_bio', 'lab_work', 'field_work', 'healthcare_focus', 'applied', 'capstone', 'practicum', 'licensure', 'clinical_placements_long', 'patient_care_simulation', 'practicum_hours']","Focuses on patient care, clinical placements, and supervised practicum hours for professional licensure.","Nursing (Undergraduate, School of Pharmacy & Health Sciences) Attributes: science, maths_for_bio, lab_work, field_work, healthcare_focus, applied, capstone, practicum, licensure, clinical_placements_long, patient_care_simulation, practicum_hours. Description: Focuses on patient care, clinical placements, and supervised practicum hours for professional licensure.","[-1.60257369e-02 -6.10574633e-02 -3.06964554e-02 -1.09704882e-02
 -3.45200785e-02 -4.19883505e-02 -7.42839202e-02  1.01017440e-02
 -3.43282372e-02 -4.40715663e-02 -1.09568007e-01 -1.94468033e-02
  8.13653693e-03 -5.67112118e-03 -8.63146856e-02 -3.08394525e-02
 -4.29815389e-02 -3.27676907e-03  3.88618633e-02  7.50355199e-02
  2.43209284e-02  2.46603675e-02  6.37896731e-02  2.63708383e-02
  3.59387929e-03 -1.96579169e-03  1.80479828e-02  4.76109842e-03
  6.21359376e-03  3.53970118e-02 -3.84096764e-02  1.96660254e-02
  2.89253723e-02  2.84541436e-02 -1.82475410e-02 -2.70894292e-04
 -8.28425661e-02  3.88035625e-02  3.57228741e-02  3.12816203e-02
  3.60726826e-02  1.78960562e-02  6.12466224e-02  3.27833816e-02
  5.22674210e-02 -3.99294309e-02  4.19415422e-02 -2.60729790e-02
 -6.63499953e-03 -4.06037411e-03 -3.69550735e-02 -1.66702215e-02
 -1.14470489e-01  1.60170197e-02 -3.85448243e-03  1.89912431e-02
  4.91630509e-02 -4.17412296e-02 -8.08009803e-02 -7.75828958e-03
 -1.04522511e-01  7.01539293e-02  7.24345595e-02  6.77936748e-02
 -1.43330982e-02 -4.36999742e-03 -5.23357764e-02  8.19455236e-02
  1.27228452e-02 -2.70966832e-02  3.50041464e-02  1.11691968e-03
  1.65767837e-02  9.41762254e-02  9.86627042e-02 -3.13171782e-02
  5.63845299e-02  5.03752846e-03 -3.84354778e-02  9.30234231e-03
  1.69582516e-02 -4.07947339e-02 -4.53819893e-02  2.27629617e-02
 -6.23053126e-03 -8.97199437e-02 -7.93348707e-04 -1.47601636e-02
 -4.47030552e-02 -6.02247529e-02  5.30090183e-02 -1.48316175e-02
 -5.32132648e-02 -2.28319390e-04 -1.31292893e-02  4.00395840e-02
 -3.76293510e-02  1.22667681e-02  4.08678688e-02 -7.20065683e-02
 -5.74167594e-02  1.22971425e-03 -1.42155848e-02  7.98094794e-02
 -6.02736436e-02 -2.12231614e-02  5.66292219e-02 -1.70438383e-02
 -2.52714902e-02  4.09366488e-02  3.51189524e-02  5.04914038e-02
 -7.95013756e-02 -2.61947997e-02 -4.55353875e-03  1.01082034e-01
 -1.15876999e-02 -1.05611466e-01  6.08917959e-02  5.01303896e-02
 -7.10879266e-02  1.58483926e-02 -3.31923440e-02 -1.07222423e-01
 -5.97996311e-03 -5.27268387e-02  3.41023393e-02 -1.07871755e-33
 -5.90143800e-02  7.00194947e-03  7.39692599e-02  4.71297763e-02
  5.41949198e-02  3.60793024e-02 -6.87261065e-03 -1.10674910e-02
  6.65758690e-03  4.27939147e-02  1.86924543e-02  9.93127376e-02
 -7.08764642e-02  3.73217277e-02 -1.08492952e-02  5.19752949e-02
  5.56299323e-03  5.48466668e-02 -3.05422358e-02  7.43184462e-02
 -1.81402192e-02  1.25101516e-02 -6.10435978e-02  6.99975789e-02
 -3.35959718e-02  3.99794579e-02 -3.60024497e-02  4.48303781e-02
  2.25724429e-02  3.54083022e-03 -6.24171831e-03 -3.60503122e-02
 -1.42900512e-01 -9.63048860e-02 -3.54952328e-02 -2.39800364e-02
  1.56385470e-02 -4.83803218e-03  3.37576568e-02 -3.65120396e-02
 -5.68754412e-02  3.97012904e-02  2.98291184e-02  1.12970574e-02
  3.53676081e-02  3.25328968e-02  1.80269696e-03 -8.95205699e-03
  8.29919800e-03  5.14955521e-02 -2.96905939e-03 -1.38532594e-01
  1.09632127e-02 -2.94735394e-02 -5.22902049e-03  1.41416932e-03
 -1.55002121e-02  5.14995642e-02 -4.97395657e-02  1.05617218e-01
  6.34858161e-02 -2.08674502e-02 -3.75372395e-02 -6.49927258e-02
  5.55768469e-03 -9.32905730e-03 -6.66863471e-02 -1.74054001e-02
  2.06340596e-01 -1.05812829e-02 -5.70635349e-02 -1.92845035e-02
  2.45127156e-02  7.06743971e-02  6.49530813e-03  4.64415997e-02
  8.37556901e-04 -6.52379096e-02  6.04385585e-02  1.40888589e-02
 -2.95156352e-02  2.03712042e-02 -7.88538009e-02  3.64376828e-02
 -1.59025018e-03 -7.04562292e-02 -1.80400144e-02  4.03491296e-02
 -7.82555491e-02 -8.55802447e-02 -7.21084233e-03  8.11440200e-02
  4.30779532e-02  3.35419662e-02 -6.46260381e-02 -3.54895410e-33
 -2.47136015e-03  4.54549864e-02 -8.93620029e-02  4.02296335e-02
  1.00254640e-01 -4.65148613e-02 -3.39138247e-02  2.14908216e-02
  6.31935820e-02  1.50340218e-02 -8.69961455e-03 -4.67391796e-02
 -4.27104346e-02  1.30462702e-02 -7.08755180e-02  5.21118343e-02
 -7.95596614e-02 -8.56847316e-02 -7.14769065e-02  8.20350647e-02
  2.18619336e-03 -3.41853686e-03  4.32118867e-03  3.52436714e-02
  4.10391837e-02  3.06455847e-02  1.42680053e-02 -9.55415703e-03
  4.94258888e-02  9.11754463e-03  4.11787815e-03  2.95016523e-02
  5.86464489e-03  2.13178303e-02 -6.21723980e-02 -6.18602289e-03
  7.76398554e-02 -2.43854113e-02  4.46501374e-02  3.10638361e-02
  1.32516727e-01 -6.22259341e-02 -5.42344898e-02  3.57778631e-02
  2.84074452e-02 -2.36148220e-02 -1.14197554e-02  6.46986207e-03
  4.65341657e-02 -6.54211640e-02 -7.94054940e-02 -3.47420685e-02
  2.20858157e-02  1.01960273e-02  2.89476924e-02 -8.75912383e-02
 -4.25006077e-02 -5.29925600e-02  7.84370676e-02 -6.70847017e-04
  1.18774518e-01  3.49405892e-02 -5.96515387e-02  4.51032631e-02
 -1.04221359e-01 -6.31033629e-02  2.49448139e-02 -1.92795303e-02
 -8.96176770e-02  1.92093831e-02  7.79457437e-03  7.89766237e-02
  2.28249840e-03 -7.66630983e-03 -6.32150322e-02  4.22910787e-02
 -3.24856164e-03 -5.01173474e-02 -3.32662500e-02  1.99995823e-02
 -3.50396521e-02 -1.28756300e-01 -8.01624432e-02  2.40143910e-02
 -7.24882334e-02 -8.44901137e-04  5.95021546e-02 -5.89089766e-02
  1.69928540e-02 -1.19291976e-01 -5.55458590e-02 -2.22852081e-02
 -7.08522201e-02 -2.68647932e-02 -1.31130725e-01 -4.31171507e-08
  3.40820807e-05  1.78042008e-03  4.27907109e-02 -3.56613589e-03
 -1.08959908e-02 -1.05685843e-02 -8.34066048e-02 -1.64120458e-02
  5.67172132e-02  5.80498129e-02  2.71668229e-02 -5.08272042e-03
  4.79482813e-03 -4.16511595e-02  7.84877688e-02  4.68198694e-02
 -4.74140607e-03  3.86247821e-02  7.49655999e-03 -5.28677320e-03
  1.30505227e-02  9.39095858e-03 -1.22734316e-01 -2.50801798e-02
 -2.68161744e-02 -7.33372988e-03 -4.92281578e-02 -5.32275140e-02
 -1.20222103e-02 -4.72506136e-03  6.48350939e-02 -5.81246684e-04
  6.26276582e-02 -7.52009032e-03 -1.58378724e-02 -9.98473354e-03
  7.71354958e-02 -9.50762182e-02 -7.10692583e-03  2.34639067e-02
 -4.21845317e-02 -9.83999372e-02 -3.04866266e-02 -2.90199108e-02
  3.17080580e-02  9.02058091e-03  4.10760492e-02  6.23883009e-02
  6.13083094e-02 -2.00466178e-02  9.37997028e-02 -4.35240828e-02
 -5.05503006e-02 -8.60319287e-02 -4.02830914e-02  1.52017578e-01
  9.44263209e-03  1.67308766e-02 -4.22848612e-02 -3.23206559e-02
  6.49328381e-02  5.19171655e-02  4.19796556e-02  6.52072877e-02]"
Epidemiology & Biostatistics,Undergraduate,School of Pharmacy & Health Sciences,"['science', 'maths_for_bio', 'quantitative', 'research_methods', 'healthcare_focus', 'capstone', 'internship', 'epidemiology_practice', 'public_health_surveillance', 'biostatistics_projects']","Covers public health surveillance, statistical analysis, and applied epidemiology projects.","Epidemiology & Biostatistics (Undergraduate, School of Pharmacy & Health Sciences) Attributes: science, maths_for_bio, quantitative, research_methods, healthcare_focus, capstone, internship, epidemiology_practice, public_health_surveillance, biostatistics_projects. Description: Covers public health surveillance, statistical analysis, and applied epidemiology projects.","[ 4.90961783e-02  1.30018229e-02 -9.07869171e-03 -4.43849824e-02
  2.12000869e-02 -5.67211136e-02 -3.74427177e-02  7.01376498e-02
 -4.10307683e-02  4.19976190e-02 -2.80993544e-02 -7.21287727e-02
  2.86297891e-02 -2.44763289e-02 -8.67807195e-02 -5.54576889e-02
 -3.19787264e-02 -2.85784081e-02  3.27322669e-02  2.96955686e-02
 -2.34287269e-02  3.41713428e-02  1.29647017e-01  4.56695668e-02
 -5.07648736e-02  1.21267606e-02  4.98669408e-02 -3.08490619e-02
 -1.15994625e-01  2.81679109e-02 -1.15770102e-02  1.22296698e-02
  6.19917102e-02  1.14284717e-02  3.70310876e-03  9.43480991e-03
  5.00566442e-04  7.09043220e-02  3.86515930e-02  8.84771422e-02
 -4.11369540e-02  2.19827201e-02  3.41767333e-02  2.34199706e-02
  3.50438692e-02 -8.92784074e-02 -4.75627882e-03 -1.64416414e-02
 -6.00189110e-03 -6.19567290e-04  2.44227296e-04 -6.20710999e-02
 -4.19279896e-02 -5.96780656e-03  9.52159287e-04 -8.20526704e-02
 -1.74171943e-02 -5.74978143e-02 -9.35801566e-02 -2.32947841e-02
 -4.56227362e-02 -4.01748111e-03  1.89220067e-02  6.86623156e-02
  1.06677208e-02  3.38356718e-02  1.53261907e-02  7.09134117e-02
  1.21691655e-02  1.61480531e-02  7.33927451e-03  2.55541876e-02
 -5.52654937e-02  1.15683988e-01  7.81855434e-02 -1.84390023e-02
  9.02140141e-03  7.14342818e-02  1.93472281e-02 -3.83529626e-02
  5.30817173e-02 -5.27935624e-02  1.65535193e-02 -1.52201941e-02
  5.00406921e-02 -2.56115608e-02 -4.15235311e-02  4.61819433e-02
 -7.83929005e-02 -4.67246324e-02  1.85392406e-02 -2.37198435e-02
  9.89920646e-02  5.71618788e-02 -2.25746036e-02 -3.19363712e-03
 -2.66573727e-02 -3.02845892e-02  6.30629808e-02 -1.66682992e-02
 -1.11629598e-01 -8.45454559e-02 -1.42029440e-02  9.83731151e-02
 -7.37501755e-02 -4.84762900e-02  1.57826667e-04 -3.40919085e-02
  1.63401049e-02  5.07335067e-02  4.46299873e-02 -8.52391496e-03
 -3.67536768e-02  2.65883934e-02  5.36196344e-02  2.85727605e-02
  5.95296063e-02 -6.15247265e-02  3.60996760e-02  1.32301990e-02
 -6.47561550e-02 -4.74841595e-02  2.29836553e-02 -9.48668048e-02
 -1.99393556e-02 -1.24746226e-02 -9.04712453e-02 -2.23689430e-33
 -1.69417206e-02  6.73973560e-02  6.98354021e-02  1.98767446e-02
 -1.69527736e-02  3.03093363e-02 -1.62656885e-02 -3.39677446e-02
  6.99786022e-02 -1.22843534e-02  5.10163307e-02  8.62988234e-02
  1.44641753e-02  1.16787076e-01  1.21066896e-02  3.31760906e-02
  3.78479511e-02  8.84090960e-02 -6.68689087e-02 -4.09338716e-03
 -9.56713036e-02 -4.46378961e-02 -2.41984166e-02  7.26208538e-02
 -1.79482345e-02  7.34156370e-02 -4.11656946e-02  1.80395246e-02
  7.66236484e-02  2.09721122e-02  1.12762088e-02  3.18175443e-02
 -1.20109931e-01 -1.01650290e-01 -8.17415491e-03  4.72029904e-03
  4.09694053e-02 -2.50616651e-02  3.14719044e-02 -6.07704148e-02
 -6.30479604e-02 -1.41699100e-02  1.66940484e-02 -4.98796850e-02
  4.22287732e-02 -1.85519960e-02 -2.55929511e-02  3.67767438e-02
  1.41278869e-02 -3.28249559e-02 -5.03381491e-02 -8.11143517e-02
  5.98911988e-03 -2.06800885e-02 -1.05530294e-02  4.71770391e-02
 -1.44565534e-02 -1.21488655e-02 -6.96609914e-02  3.56645174e-02
  5.35296835e-02  4.86214235e-02 -7.15650944e-03 -8.67217034e-02
 -1.19009182e-01 -1.77226390e-03 -5.95686696e-02 -1.35761425e-02
  1.15227871e-01  6.86854422e-02 -1.07764574e-02  1.27957491e-02
 -3.05235311e-02  1.03419967e-01  2.57334337e-02  2.80688237e-02
 -1.93085372e-02 -1.82926618e-02 -2.55373219e-04  1.18624255e-01
 -4.35373783e-02 -2.21259855e-02 -4.31638025e-02 -9.28501785e-03
  5.13767172e-03  3.52902338e-02  2.16705315e-02  4.23260182e-02
 -4.08086665e-02 -1.60471238e-02 -5.56219108e-02  2.33639814e-02
 -2.87488271e-02  1.40714243e-01 -6.71371892e-02 -3.05249563e-33
  7.52443820e-03  1.94355957e-02 -6.39007241e-02 -3.80251855e-02
  9.67497975e-02  2.40653250e-02  5.08989999e-03 -4.28398922e-02
  1.06320888e-01 -1.36892023e-02 -1.45685095e-02  1.99656561e-02
 -2.59459019e-02 -2.46410538e-03 -1.75904911e-02  4.43905853e-02
 -7.44542852e-02 -4.22728583e-02 -9.54520702e-02  2.59255413e-02
 -8.80981162e-02 -6.93288445e-02  3.61596234e-02 -4.81481152e-03
  9.58533958e-03 -6.93486538e-03  2.78043281e-03  2.49854382e-02
  5.87395355e-02 -6.08746596e-02 -6.12225644e-02 -8.76278803e-03
 -2.13511698e-02 -2.70276926e-02 -1.14587441e-01  8.37064087e-02
  7.27790147e-02 -8.13800469e-02  4.26720008e-02 -1.37908403e-02
  8.73169824e-02 -3.09959184e-02 -1.25643704e-02 -1.42175555e-02
  6.89851400e-03  5.09539321e-02 -8.01666733e-03  9.08881575e-02
  2.61851009e-02 -2.72090714e-02 -3.24777924e-02  6.42127320e-02
  1.65053383e-02  3.48753594e-02  5.13230897e-02 -6.42632172e-02
 -4.60348986e-02 -4.27399278e-02 -2.30037235e-02 -2.65315920e-03
  5.34177162e-02 -1.38563272e-02 -7.38461316e-02  1.32701993e-01
 -9.40938964e-02 -8.93514082e-02 -6.91848667e-03 -6.65554032e-02
 -4.47047986e-02 -1.14242435e-02 -2.79562990e-03  3.79241332e-02
 -3.21591906e-02  1.50583191e-02 -4.26562130e-02  9.00745485e-03
 -1.10608883e-01  3.24359280e-03 -1.74188409e-02 -2.08762474e-03
  3.06890178e-02 -1.28164172e-01 -2.22429484e-02  7.58050531e-02
 -2.22496372e-02 -2.81862612e-03  4.58539501e-02 -7.45031685e-02
  2.00275052e-02 -5.39075993e-02 -6.20330274e-02  1.12807378e-02
 -5.50332069e-02 -2.31846608e-02 -5.61308339e-02 -4.32782450e-08
  1.31819978e-01  1.46893982e-03  9.74944159e-02 -3.53476591e-02
 -4.44596522e-02  7.37478733e-02 -1.16555810e-01 -1.69980638e-02
  6.36647940e-02  2.38997489e-02 -1.06024751e-02  4.16734144e-02
 -2.05855556e-02  3.58137861e-02 -2.84685660e-02 -6.77916035e-02
  5.35536371e-03  4.54548746e-02  8.08709115e-03 -3.43760252e-02
 -4.58351187e-02 -2.14475882e-03 -2.25141924e-02 -2.38955035e-04
  4.62990850e-02 -1.54213989e-02 -3.57191241e-03 -7.86840767e-02
 -2.76800822e-02  1.61532704e-02 -4.05811332e-02 -2.58899871e-02
 -1.86733715e-02 -3.75104807e-02  2.42809076e-02  3.35710645e-02
  2.22949218e-02 -7.29007125e-02  2.46174615e-02  5.49657904e-02
 -1.07616736e-02 -8.29236433e-02 -4.08284515e-02  2.26927176e-02
  3.47741880e-02  3.48255299e-02  3.41445045e-03  8.50151405e-02
  2.76623890e-02 -9.48472247e-02 -1.19811660e-02 -1.91707406e-02
 -4.57179174e-03 -6.97431862e-02 -2.26450916e-02  9.44785327e-02
  3.34840752e-02 -2.78866217e-02 -6.31829770e-03 -2.54641175e-02
  1.34424970e-01 -3.84323369e-03 -5.92688024e-02  4.10288796e-02]"
Analytical Chemistry,Undergraduate,School of Pharmacy & Health Sciences,"['science', 'chemical', 'maths_for_chemistry', 'experimental', 'lab_work', 'research_methods', 'capstone', 'chromatography_techniques', 'instrument_calibration', 'analytical_method_validation']","Emphasizes laboratory techniques, chromatography, and analytical method validation in chemical sciences.","Analytical Chemistry (Undergraduate, School of Pharmacy & Health Sciences) Attributes: science, chemical, maths_for_chemistry, experimental, lab_work, research_methods, capstone, chromatography_techniques, instrument_calibration, analytical_method_validation. Description: Emphasizes laboratory techniques, chromatography, and analytical method validation in chemical sciences.","[ 1.78599320e-02  1.44499238e-03 -3.92991751e-02 -8.33674613e-03
 -3.99832167e-02 -4.16720584e-02 -2.65234528e-04  1.20499380e-01
 -4.33740281e-02 -3.10050603e-03 -5.09012379e-02 -6.64894730e-02
  9.95919555e-02  3.52465883e-02 -1.29033431e-01 -5.71970791e-02
  4.31588963e-02 -2.68586148e-02  4.94440459e-02 -3.30465548e-02
 -4.87891659e-02  1.53705347e-02  6.54111803e-02  2.66322922e-02
 -4.96434830e-02  5.08322753e-03 -2.74212658e-02 -2.04574000e-02
 -5.51460832e-02  6.76314346e-03  3.07273399e-02  5.82787469e-02
  3.68332565e-02  2.02409155e-03  7.05903862e-03 -2.29719747e-02
 -4.50938717e-02  7.05855619e-03  5.83898798e-02  5.14311902e-02
  2.44330894e-02  2.17980053e-02 -5.41560492e-03  1.33180507e-02
 -9.01698659e-04 -1.00690737e-01  1.44372778e-02 -5.65032028e-02
 -5.42950965e-02  6.58604726e-02 -8.16061068e-03  6.64455816e-02
 -1.30316138e-01 -3.52283344e-02 -8.38748831e-03 -3.55323702e-02
  3.13017629e-02 -4.56487983e-02 -5.26335910e-02  7.56048188e-02
 -2.15068739e-02  6.97180852e-02  2.01971401e-02  6.62545934e-02
  2.55656485e-02  1.54542783e-02  5.44101819e-02 -5.35465151e-05
  3.32710557e-02  6.16431329e-03  2.51857154e-02 -2.97747627e-02
 -2.42127627e-02  4.37611714e-02  2.85810810e-02  4.56175953e-03
  2.40281075e-02  6.82426151e-03 -1.99802015e-02 -5.96192442e-02
 -1.70552135e-02  5.42340288e-03 -2.11495068e-02  1.76206743e-03
  1.90992057e-02  6.35153567e-03 -8.84018093e-02 -1.45696016e-04
 -3.63168605e-02 -3.11858170e-02  8.10291693e-02  1.03666428e-02
 -6.38473080e-03 -3.25152017e-02 -6.42990111e-04 -8.62281770e-03
  2.77070496e-02  2.88516544e-02  7.97654539e-02 -1.76355466e-02
  1.86205730e-02  1.67731699e-02 -4.34376933e-02 -2.07042624e-03
 -8.04559737e-02 -4.61626053e-02  7.24517182e-02 -1.11155547e-02
 -3.53910737e-02  3.39913368e-02  4.89220954e-02 -2.79280227e-02
 -4.39403094e-02  1.92825366e-02  8.55103210e-02  1.20967776e-01
  3.60040888e-02 -3.28455269e-02  4.54213144e-03  8.29632103e-04
 -4.84603159e-02 -1.07846353e-02  4.97412197e-02 -7.95169324e-02
  5.19654006e-02 -1.19433664e-02 -4.71659563e-03 -2.87300756e-33
 -1.11819662e-01  8.61942023e-02  1.39552876e-02  1.04209436e-02
 -1.06066756e-01  3.28277051e-02 -7.72644356e-02 -3.97660956e-03
 -5.79260923e-02  7.49232098e-02  8.31228942e-02  9.46866274e-02
 -5.13345115e-02  7.14831203e-02  5.80701195e-02  1.21682040e-01
  4.01936620e-02  5.96945286e-02  8.66580929e-04 -7.17023714e-03
 -2.56768726e-02 -9.99522433e-02 -1.63591467e-02  7.23228306e-02
 -7.41758496e-02  1.37099385e-01 -4.22121584e-02  7.97019079e-02
 -6.00024983e-02 -1.92571357e-02  6.39103055e-02 -5.91552584e-03
 -8.62507150e-02 -3.75628769e-02 -4.12246846e-02 -4.57513593e-02
 -2.99351830e-02  2.00214628e-02  1.21899480e-02 -4.40209843e-02
 -1.18617332e-02 -1.16545828e-02 -5.98274812e-04  6.31060749e-02
  4.02793027e-02  3.66740674e-02 -8.42997134e-02  5.09139635e-02
  1.02887698e-01 -3.90417129e-03 -1.14654556e-01 -7.75647685e-02
  8.33778381e-02 -2.08079163e-03 -1.07746115e-02  1.10892735e-01
 -5.71533367e-02  4.51199897e-02 -2.66252086e-02  4.47762683e-02
  5.35798352e-03 -9.47101414e-03 -1.18470497e-01 -3.69738452e-02
 -1.25058033e-02 -1.89234409e-03 -9.15170759e-02  1.14002917e-02
  1.22086763e-01 -6.79497374e-03 -4.70076427e-02  1.44812344e-02
  1.42187793e-02  9.60671604e-02  8.77211615e-02 -2.13894434e-02
  3.89845222e-02 -1.81343351e-02  9.83852819e-02  6.54751509e-02
 -1.01801166e-02 -2.46505029e-02  5.23358234e-04 -4.56139967e-02
 -7.22949430e-02 -5.06843962e-02 -1.82040911e-02  3.69051620e-02
 -4.46749330e-02 -2.93571167e-02 -2.99734604e-02 -1.90515406e-02
 -7.47862309e-02  2.34331936e-02 -1.42603917e-02 -1.64026021e-33
  2.93099955e-02  1.17096873e-02 -5.17028868e-02  4.58184257e-03
  2.47337073e-02 -2.99528870e-03 -7.49788526e-03 -7.06802607e-02
  4.81379218e-02 -2.38172039e-02  4.38706344e-03  5.96031826e-03
 -5.67155518e-02 -5.66539355e-02 -6.32447973e-02  1.32125914e-02
 -1.42059386e-01 -3.93511094e-02  2.12501269e-04  8.50095376e-02
 -8.61242190e-02 -6.04431443e-02  2.86073554e-02 -4.84532043e-02
  3.01764198e-02  7.11134402e-03  6.52465671e-02 -1.20306008e-01
  9.86148417e-02  6.82516322e-02  3.73974591e-02  4.60473597e-02
  5.29187843e-02 -2.29612589e-02 -2.85093989e-02  2.44043581e-03
  1.10728413e-01 -4.76872474e-02 -1.90780163e-02  6.30619153e-02
  6.17017969e-04  4.64200117e-02  1.71634536e-02 -7.01657608e-02
  4.41878624e-02  8.22761655e-02 -1.96470357e-02  9.23022069e-03
  3.00063975e-02 -4.75641564e-02  2.97713876e-02  2.92310603e-02
  8.31901841e-03 -1.88380405e-02  3.54387015e-02 -3.87170305e-03
 -3.89126712e-03 -3.45642194e-02  1.98343731e-02 -7.73300789e-03
  1.11862449e-02  1.44320475e-02  5.74120646e-03  1.87744554e-02
 -1.29901454e-01 -4.40709963e-02 -3.21941264e-03  9.45946574e-03
 -3.08735855e-02 -7.73148537e-02 -4.10894025e-03  9.42871254e-03
  6.30149841e-02 -1.95123546e-03 -3.22467200e-02 -5.28572388e-02
 -6.68738037e-02 -7.48931766e-02 -1.66222621e-02 -1.09057277e-01
  7.55525157e-02 -1.32830255e-02 -5.12638092e-02  1.58923008e-02
 -1.79599412e-02 -2.44066976e-02  6.78806799e-03 -3.46828140e-02
 -1.14304703e-02 -9.38629732e-02 -3.41928862e-02  7.39560637e-04
 -8.35256651e-02 -2.35005133e-02 -4.85942364e-02 -3.99099136e-08
  2.93183327e-02  9.30171646e-03  8.35421085e-02 -2.63464148e-03
 -1.16194719e-02  7.22824633e-02 -5.70852049e-02 -7.54536241e-02
  4.08193208e-02  3.93973067e-02 -3.30674089e-02 -1.27199234e-03
 -5.39897606e-02 -1.47739993e-02  3.09600364e-02 -4.97310236e-02
  2.37165559e-02  1.22601800e-02 -1.88595224e-02  4.31542061e-02
 -5.09973289e-03  2.15340760e-02 -3.33727375e-02 -4.80309576e-02
  9.06403549e-03 -2.17641518e-02 -4.82144505e-02 -4.28479351e-02
 -4.53983061e-03  9.23312642e-03 -4.11488535e-03 -5.19576157e-03
  6.71168193e-02  2.91757919e-02  8.16928446e-02  1.95846241e-02
  7.20830308e-03 -6.54820949e-02 -1.38970623e-02  5.98938428e-02
 -9.32199210e-02 -1.46721723e-02 -9.93609726e-02  9.57009476e-03
  4.99851294e-02 -1.23374164e-02 -1.35665585e-03  9.69081372e-02
  2.73830406e-02  3.56994085e-02 -2.47714128e-02 -4.60285656e-02
 -5.86783923e-02 -9.17223096e-02 -9.53918882e-03  6.65455014e-02
  3.00258826e-02 -1.69288255e-02 -1.77447335e-03 -6.23074509e-02
  1.36018738e-01  8.77417475e-02  5.05424701e-02 -5.80895394e-02]"
Applied Biochemistry,Undergraduate,School of Pharmacy & Health Sciences,"['science', 'chemical', 'maths_for_bio', 'experimental', 'lab_work', 'research_methods', 'capstone', 'protein_assays_practicum', 'enzyme_kinetics_lab', 'molecular_biology_techniques']","Explores protein assays, enzyme kinetics, and molecular biology techniques in applied laboratory settings.","Applied Biochemistry (Undergraduate, School of Pharmacy & Health Sciences) Attributes: science, chemical, maths_for_bio, experimental, lab_work, research_methods, capstone, protein_assays_practicum, enzyme_kinetics_lab, molecular_biology_techniques. Description: Explores protein assays, enzyme kinetics, and molecular biology techniques in applied laboratory settings.","[ 3.91149856e-02 -8.26292709e-02  2.27343105e-03 -5.07006235e-02
 -1.36762373e-02 -5.96659109e-02 -5.77519760e-02  1.16214082e-01
 -7.12497830e-02 -1.19696828e-02 -5.67007847e-02 -4.72470522e-02
 -5.57835549e-02  5.01153357e-02 -5.80781735e-02 -9.18625016e-03
  4.45522554e-02 -7.04645121e-04  3.44459340e-02 -2.91468371e-02
 -1.19636534e-02 -1.01137105e-02  9.95541364e-02  2.90734004e-02
 -3.32929045e-02 -3.89744677e-02 -7.30095385e-03  5.44068171e-03
 -7.85017535e-02 -1.16143171e-02 -3.10324207e-02  8.28011408e-02
  2.44172104e-02  1.39144557e-02  1.32960295e-02  2.02759244e-02
 -2.88613364e-02  4.58509251e-02  3.08085382e-02  1.42183676e-02
  1.53984986e-02 -1.50633352e-02  3.70380022e-02 -2.86069349e-03
  3.63330804e-02 -6.22629113e-02  5.59490547e-02 -3.90046313e-02
  5.14939576e-02  1.23321451e-02 -1.25803836e-02 -2.42048334e-02
 -6.05152361e-02 -4.11290228e-02 -2.98414100e-02 -1.94842946e-02
  3.97148654e-02 -5.33746928e-03 -6.67671561e-02 -4.09148522e-02
 -2.76999585e-02  9.02348605e-04  3.10094049e-03  8.07198808e-02
  1.82416346e-02 -4.34314162e-02  4.56412882e-02  5.85768111e-02
  6.62691668e-02  1.89157575e-02  5.65298041e-03  7.05851102e-03
 -4.39252295e-02  5.45633398e-02  3.73356342e-02 -3.07137296e-02
 -5.21139614e-02  5.81068583e-02  1.44814197e-02 -4.63479385e-02
  3.45985107e-02 -7.26075917e-02 -4.01057489e-02  3.05647105e-02
 -1.20658204e-02 -3.15297283e-02 -3.88569385e-02 -6.08505076e-03
 -4.42775972e-02 -2.40771286e-02  4.18823771e-02 -4.02051359e-02
  3.43066901e-02  6.29783049e-03 -5.57513125e-02 -1.60722248e-02
 -8.15054576e-04  3.82592753e-02  6.48137107e-02 -4.15301062e-02
 -1.48980655e-02 -2.46274918e-02 -5.52823618e-02  3.25470418e-02
 -1.40369358e-02 -3.70243192e-02  4.02177684e-02  3.02223619e-02
  5.70214028e-03  5.79539724e-02  2.12642532e-02  9.98978689e-03
  5.64796105e-03  1.64748430e-02  4.19419929e-02  7.51015395e-02
  7.97742158e-02 -8.42796341e-02  3.42824645e-02  2.09388137e-03
 -6.71636537e-02  3.36859003e-02  4.88428213e-02 -6.58322573e-02
 -2.24072654e-02  3.86351235e-02 -8.66894200e-02 -3.87763113e-33
 -2.29811054e-02  2.25784145e-02  6.30381927e-02  4.09071147e-02
 -6.14773817e-02  7.02861976e-03  2.65799067e-03  2.78285891e-02
 -3.46884057e-02  4.72026877e-03  8.95459428e-02  6.70082867e-02
  7.62293069e-03  6.82074502e-02 -1.45309772e-02  5.19445725e-02
  1.39394710e-02  3.40695567e-02  3.65995131e-02  7.33030662e-02
 -5.31748235e-02 -3.83511893e-02 -9.69305914e-03  6.42900392e-02
 -7.66295660e-03  7.17405677e-02 -1.22411102e-01  4.10471521e-02
 -8.23336653e-03  4.20809165e-03  3.76508222e-03 -1.13549260e-02
 -1.39308751e-01 -7.74120763e-02 -3.60883400e-02 -2.33060569e-02
  3.31973247e-02 -1.49865160e-02  5.64367883e-02 -3.50208320e-02
 -1.23144258e-02 -2.72719897e-02 -2.59629972e-02 -6.85047954e-02
  4.29287320e-03  7.62970373e-02 -4.64500263e-02  8.17165375e-02
  5.81370331e-02  5.62292524e-02  4.99284943e-04 -1.09563723e-01
  8.73396546e-02 -4.62140068e-02  1.27597479e-02  1.07150920e-01
 -4.95220684e-02  6.94826571e-03 -3.00970990e-02  1.17717922e-01
  2.43259016e-02  3.17547284e-02 -8.85716528e-02 -3.72311547e-02
 -8.78256783e-02 -3.05798501e-02 -1.06008537e-01 -2.62245499e-02
  5.37507907e-02  8.50920081e-02 -1.04935460e-01  4.15189937e-02
  2.02688258e-02  2.07077246e-02  5.53854592e-02  3.40642687e-03
 -2.00780872e-02 -5.12829460e-02  1.29004344e-02  8.16951990e-02
  1.06742159e-02  3.80864856e-03 -8.98333192e-02 -4.63305451e-02
 -5.92569076e-02 -1.15105370e-02  7.62895402e-03 -3.27525730e-03
 -7.10572526e-02 -4.06832211e-02 -2.25844234e-02 -4.99832481e-02
 -5.74986823e-02  8.49777386e-02 -1.68289691e-02 -1.23723884e-33
  5.27265407e-02 -4.97226184e-03 -3.23396064e-02  2.04803627e-02
  9.03722644e-02  4.08960059e-02  4.11412753e-02 -2.74279527e-02
  1.19652532e-01 -1.26630981e-02  1.89800579e-02  2.98191831e-02
 -2.66440231e-02 -1.01425173e-02 -7.17804655e-02  2.68874522e-02
 -1.59835324e-01 -1.82505287e-02  3.74294184e-02  5.87085150e-02
 -1.00675933e-01 -2.19313055e-03  3.25258672e-02 -8.67651403e-03
  6.37046173e-02  5.14940126e-04  1.05228322e-02 -6.61371392e-04
  6.53597936e-02 -4.70372364e-02 -2.16087978e-02  6.05170988e-03
 -1.30211106e-02 -1.79743965e-03 -7.17281923e-02  1.29590183e-02
  7.51616955e-02 -2.32231487e-02  1.05938897e-01  3.43158357e-02
  5.01471236e-02  3.48364040e-02 -6.42023310e-02  6.66568172e-04
  2.53525563e-02  8.74322355e-02 -8.16511735e-02  5.06285094e-02
  1.54834334e-02 -6.36833757e-02  2.86941715e-02 -4.16773409e-02
  4.19487655e-02  1.53118810e-02  4.32262830e-02 -6.30658958e-03
 -3.12810168e-02  1.94002762e-02  1.11227157e-02  1.94906574e-02
 -1.81410126e-02 -2.36312617e-02 -1.07829953e-02  9.27625671e-02
 -1.48440942e-01 -4.33403514e-02 -5.13752028e-02 -1.84651352e-02
 -7.36257732e-02 -8.34502652e-03  1.82218347e-02  6.33546188e-02
  3.89109477e-02  5.17653115e-02  3.34604667e-03  1.76752880e-02
 -7.66844675e-02 -3.69313769e-02 -3.06916907e-02 -2.31387839e-02
 -1.33449528e-02 -3.23182121e-02 -2.03303229e-02  2.71382034e-02
  3.94371664e-03  6.83954963e-03  5.99898770e-02  2.07063053e-02
  3.93174067e-02 -9.78222266e-02 -6.53182343e-02 -4.52545006e-03
 -2.63258647e-02 -2.16835029e-02 -8.64439458e-02 -3.72859574e-08
  1.00104421e-01 -3.77705730e-02  7.61579946e-02  2.30410229e-02
 -3.34616415e-02  1.30899757e-01 -6.46943524e-02 -2.56404299e-02
 -3.48124793e-03  2.54287980e-02 -9.38261896e-02  8.50328580e-02
 -7.40531981e-02  6.35681078e-02  8.10873788e-03 -1.34989377e-02
 -5.88192157e-02 -9.77481250e-03 -1.74247529e-02  2.96195373e-02
 -3.14908028e-02  6.95695132e-02 -7.65550062e-02  4.78766598e-02
  3.61389220e-02 -2.51447503e-02  2.71467865e-02 -1.51400685e-01
 -7.84874428e-03 -3.25908586e-02 -5.97379394e-02 -1.76136405e-03
  2.71120742e-02 -4.09676917e-02  7.97453057e-03  2.86242515e-02
  6.21416559e-03 -1.06134117e-01 -9.89062153e-03  6.34950027e-02
 -7.89089724e-02 -7.30282962e-02 -8.14076662e-02 -5.42580560e-02
  5.39137423e-02 -7.88360089e-03  3.53998616e-02  7.58794844e-02
  1.73788723e-02  3.56530654e-03  2.41584759e-02  1.09981550e-02
 -9.30875763e-02 -8.37165937e-02 -2.66860928e-02  8.92791450e-02
 -3.62568274e-02 -7.44315386e-02 -1.57973692e-02 -1.03515580e-01
  1.37006283e-01 -3.73466103e-03  4.36064154e-02  4.69977589e-04]"
Clinical Pharmacology and Therapeutics,Masters,School of Pharmacy & Health Sciences,"['science', 'chemical', 'maths_for_chemistry', 'postgraduate', 'thesis', 'clinical_practice', 'research', 'licensure', 'clinical_trials', 'drug_regulatory', 'pharmacovigilance_projects']","Advanced study of drug regulation, clinical trials, and pharmacovigilance with licensure preparation.","Clinical Pharmacology and Therapeutics (Masters, School of Pharmacy & Health Sciences) Attributes: science, chemical, maths_for_chemistry, postgraduate, thesis, clinical_practice, research, licensure, clinical_trials, drug_regulatory, pharmacovigilance_projects. Description: Advanced study of drug regulation, clinical trials, and pharmacovigilance with licensure preparation.","[ 3.52157578e-02 -2.97427177e-02 -2.47152299e-02 -4.64891903e-02
 -3.47962789e-02  1.35391438e-02  8.95585213e-03  1.62209123e-01
 -4.58261697e-03 -5.49899461e-03 -1.19742595e-01 -2.15629321e-02
 -2.56572594e-03  4.20032926e-02 -6.23126514e-02  7.37185264e-03
  1.56955570e-02  2.78117880e-02  5.95431253e-02  6.21476099e-02
  3.59084159e-02  5.76204099e-02  8.52178857e-02  1.00276582e-01
 -8.58712569e-02  3.35963294e-02  4.31837142e-03 -2.64155772e-02
 -7.38059431e-02 -1.21090049e-03  1.34329190e-02  4.69159037e-02
  2.29816698e-02 -2.90473439e-02  2.62078121e-02  1.61190436e-03
 -6.98858500e-02  5.86448573e-02  5.10603152e-02  6.68426156e-02
  1.03909802e-02 -7.21697696e-03 -2.51619369e-02  2.50283759e-02
  4.89281118e-02 -1.45378575e-01 -4.61443923e-02 -4.42485046e-03
 -2.13041324e-02  9.44865793e-02 -6.04507774e-02 -2.68945564e-02
 -1.09291926e-01 -3.17154825e-02 -4.51846514e-03 -1.49797779e-02
 -2.23946534e-02 -5.80167063e-02 -7.32038096e-02  4.14189883e-02
 -9.44629610e-02  6.84484988e-02 -3.42199183e-03  9.74612236e-02
 -1.14906477e-02  1.75576843e-02  1.04515990e-02  9.13487673e-02
  4.58059423e-02 -1.59684457e-02 -1.41056189e-02 -2.79144645e-02
  6.75180778e-02  6.29359931e-02  3.56978253e-02 -1.44851934e-02
 -1.46098231e-04  5.32263294e-02 -3.12378574e-02 -7.65604973e-02
  7.25842491e-02 -3.97320762e-02 -3.46427448e-02  3.02902404e-02
 -1.03807710e-02 -3.85225005e-02 -1.69452969e-02 -1.47377290e-02
 -2.37272996e-02 -9.18989442e-03  5.40863834e-02 -2.50138063e-02
  4.08321023e-02  4.45973948e-02 -4.64144051e-02 -3.23025957e-02
 -2.88397875e-02 -6.10079877e-02  2.75346730e-02 -6.86874054e-03
 -2.57551074e-02  3.61382915e-03 -8.13763961e-02  3.59962881e-02
 -4.43552285e-02 -1.32471034e-02  1.10912379e-02 -3.98655310e-02
 -1.25087686e-02  2.89033037e-02  1.93905402e-02  2.77913883e-02
 -1.82610694e-02  1.19489888e-02  3.55530418e-02  1.31798014e-01
 -5.33765703e-02 -5.46525493e-02  1.03360407e-01  9.11212713e-02
 -4.64221835e-02 -1.07698264e-02  3.98864187e-02 -1.33687392e-01
 -4.05602250e-03 -3.90974879e-02 -3.04286294e-02 -1.65967294e-33
 -3.80504131e-02  8.93663149e-03  6.17619865e-02  8.90047178e-02
 -1.23904012e-02  1.66927762e-02  4.38005058e-03 -1.14924032e-02
 -5.03837354e-02 -1.40266204e-02  4.92630107e-03  5.45936113e-04
 -5.04788235e-02  1.35398537e-01  1.80654898e-02  2.39731520e-02
  8.57755076e-03  2.42440272e-02  5.57365827e-02  1.15007870e-02
 -4.08962220e-02 -3.92882489e-02 -4.94763032e-02  6.79532364e-02
 -1.18722893e-01  8.83887112e-02 -8.81266668e-02  7.07128346e-02
  2.25291364e-02  3.84004340e-02 -3.04707512e-02 -1.48169585e-02
 -4.37082499e-02 -9.23488662e-02 -5.32955825e-02 -5.69945667e-04
 -1.57431513e-02 -6.26890287e-02  5.39085157e-02 -2.40396783e-02
 -5.07119298e-02  1.91745851e-02 -8.65287799e-03  4.41091787e-03
  3.31676491e-02  5.10361008e-02 -9.03764889e-02 -1.61169600e-02
 -4.85710576e-02  2.94479746e-02 -1.50515027e-02 -9.36457217e-02
  4.42929827e-02 -3.25443856e-02 -3.12080290e-02  3.36110592e-02
 -9.91060883e-02  1.95033718e-02 -5.55354878e-02  4.69836257e-02
  3.46077047e-02  1.76057387e-02 -7.54819438e-02 -6.69079721e-02
 -2.36379784e-02  1.42864278e-02 -6.49925098e-02 -1.00975588e-01
  6.78180307e-02  3.84898018e-03 -1.01712123e-01  8.32629949e-03
  4.64354232e-02  8.04551020e-02  6.64427578e-02 -3.74675915e-02
  4.59083878e-02  1.91778634e-02  2.01026481e-02  5.13011888e-02
 -8.44283588e-03  1.38359647e-02 -7.18034208e-02  7.09928200e-02
  1.78611893e-02 -7.41465166e-02  4.08400968e-02 -4.76295681e-04
 -7.80093372e-02 -1.48373237e-02  2.37343460e-02 -2.44170744e-02
  3.36647639e-03  8.66997465e-02 -2.79230643e-02 -3.61487913e-33
  4.02621664e-02  2.63026301e-02 -2.94828676e-02 -8.92124884e-03
  8.31966400e-02  3.77740227e-02 -3.52589972e-02 -7.01029524e-02
  5.25432415e-02  1.38404481e-02  2.71963421e-02  7.80711416e-03
  5.49791567e-03 -5.02050705e-02 -8.37794170e-02  6.46213954e-03
 -5.44921570e-02 -4.62299511e-02 -8.20229352e-02  2.37751864e-02
  1.05843917e-02 -3.73063534e-02  2.47433297e-02 -3.72938602e-03
  2.29077768e-02 -1.40888402e-02 -3.56151760e-02 -1.80616472e-02
  2.21819058e-02  2.21978072e-02 -9.80580226e-03  4.92392071e-02
 -5.41158356e-02 -3.57612409e-02 -5.35781421e-02  4.96664159e-02
  7.36167207e-02 -4.98968177e-02 -2.47378573e-02  4.55322079e-02
  8.30255300e-02 -1.56597849e-02 -1.18243974e-02 -2.71832086e-02
  5.36610633e-02  2.94060335e-02 -1.21432077e-02 -3.04317400e-02
  9.07747000e-02 -3.57641988e-02 -1.75397247e-02  7.22848251e-03
  4.10782173e-02  5.17581962e-03  7.40149766e-02 -8.28343406e-02
 -1.21279375e-03 -8.05305690e-02  6.48560897e-02  1.43713234e-02
  6.06382638e-02  3.60179953e-02 -4.85971533e-02  4.24201228e-02
 -4.33060750e-02 -4.83769514e-02 -3.67695764e-02  1.12395296e-02
  1.62209384e-02 -5.00350334e-02  2.08863709e-02  4.92523089e-02
 -7.50731491e-03  9.57239419e-03 -1.36367725e-02 -2.45781289e-03
 -7.16250017e-02 -1.20808847e-01 -8.39222223e-02 -4.40593772e-02
  7.85735995e-02 -8.01572800e-02 -4.25740071e-02  4.52808291e-02
 -4.80508879e-02 -3.92458355e-03  1.00755550e-01 -5.99283054e-02
  3.37585248e-02 -6.26739115e-02 -5.53274490e-02  6.86712656e-03
 -8.18899572e-02 -3.54024470e-02 -8.94031003e-02 -4.52024125e-08
  6.14298992e-02 -3.06794513e-03  2.82976087e-02  1.24057271e-02
 -4.21009064e-02  1.04081988e-01 -9.06973556e-02 -8.15598890e-02
  1.38687063e-02  5.32999225e-02  1.77063383e-02 -1.54737737e-02
 -3.45990881e-02  2.15349887e-02  1.17809456e-02 -1.27475476e-02
 -1.81630794e-02  6.00371622e-02  9.67256352e-03 -3.76931648e-03
 -2.40872558e-02  3.32916491e-02 -3.22664790e-02 -6.52071238e-02
  5.56900539e-02 -5.41266426e-02  4.80200052e-02 -8.08400810e-02
  4.26751599e-02  1.93528249e-03  8.71857908e-03  2.01413557e-02
  4.45597284e-02 -2.39682924e-02  5.81731787e-03 -2.02975851e-02
  3.56080430e-03 -6.82781786e-02 -1.23868678e-02  3.54042873e-02
 -5.17531894e-02 -6.11114390e-02 -6.01878650e-02  1.15209566e-02
  3.54475267e-02  3.49904895e-02  8.76456872e-02  1.04070008e-01
  1.68968122e-02 -3.91375683e-02 -5.00517432e-03 -1.70569699e-02
  9.21575178e-04 -1.25262707e-01 -1.57809928e-02  6.92127869e-02
 -3.15733328e-02 -2.55302545e-02 -7.77548477e-02 -1.52315989e-01
  8.91154483e-02  2.51918789e-02  4.90344577e-02  1.91926211e-02]"
Journalism,Undergraduate,"School of Communication, Cinematic & Creative Arts","['creative', 'communication', 'linguistics', 'humanities', 'maths_for_arts', 'qualitative', 'portfolio', 'capstone', 'field_work', 'newsroom_internship', 'investigative_reporting', 'editorial_workflow']","Focuses on reporting, media writing, and newsroom practice with internships and investigative projects.","Journalism (Undergraduate, School of Communication, Cinematic & Creative Arts) Attributes: creative, communication, linguistics, humanities, maths_for_arts, qualitative, portfolio, capstone, field_work, newsroom_internship, investigative_reporting, editorial_workflow. Description: Focuses on reporting, media writing, and newsroom practice with internships and investigative projects.","[ 8.40897858e-02 -1.92838479e-02 -3.01031545e-02  4.75859120e-02
  3.06052640e-02  8.23844597e-03 -4.61196676e-02 -3.47016752e-02
 -5.77395363e-03  7.25005269e-02 -1.90405380e-02 -2.74656191e-02
  2.65968703e-02  2.87121851e-02  3.00539900e-02 -4.73358780e-02
  5.31273335e-02 -2.82895006e-02 -2.69997884e-02 -5.97567670e-02
  1.41836973e-02  4.20100871e-04  1.12805508e-01 -5.74649498e-02
 -2.09895819e-02 -3.02037317e-02 -1.32500073e-02 -1.38412490e-02
 -2.87668426e-02 -3.97270694e-02  2.63212714e-03  1.00353872e-02
  4.96010073e-02  3.34383696e-02  9.90898535e-02  6.10390119e-02
  1.90385152e-02 -5.86295873e-02  5.13803326e-02  4.74822745e-02
 -2.34430730e-02  2.92428378e-02 -1.39459036e-02 -6.31669685e-02
 -2.32138056e-02 -9.72008631e-02 -4.10784744e-02  3.71485464e-02
 -6.77509382e-02  1.52051840e-02 -4.17218171e-02 -3.16584818e-02
 -9.00890753e-02 -4.26088227e-03 -2.33095512e-03  3.28674470e-03
 -5.13297096e-02  6.70841336e-02 -2.78757289e-02 -5.39669953e-02
 -1.42175201e-02 -9.56966542e-03  1.54507556e-03  3.79755832e-02
  3.39418510e-03 -1.64355133e-02  4.81243245e-02  6.44469038e-02
  1.72573503e-03 -6.01829998e-02  3.04976217e-02  3.51805761e-02
  5.24861217e-02  2.05361135e-02  4.04884517e-02 -8.85775536e-02
  5.28671518e-02 -1.49662446e-04  1.33934887e-02  2.32697632e-02
  5.65717369e-02 -3.63087468e-02 -6.04208261e-02  2.24314258e-02
 -3.94528322e-02 -1.17797457e-01 -1.19557396e-01 -5.25231808e-02
 -4.09986824e-02  1.11066876e-02 -4.42866459e-02 -1.20031305e-01
  2.66843494e-02  1.13213360e-02  2.28119995e-02  1.64467525e-02
 -2.66626123e-02  3.04597076e-02  3.87912989e-02 -4.06211615e-02
 -1.39979031e-02 -7.77984858e-02 -2.42455062e-02 -1.13767320e-02
 -2.42321715e-02 -8.96152854e-02 -7.45043810e-03 -8.88012070e-03
 -8.07311833e-02  2.10735407e-02  2.60412656e-02  1.20527349e-01
 -3.31057212e-03  3.33784074e-02  1.63578510e-01  7.19061196e-02
  7.11615523e-03  3.35972868e-02 -1.97997615e-02  3.50119695e-02
 -2.56449431e-02  7.83013254e-02 -6.57801852e-02 -4.77669612e-02
 -8.52853209e-02 -5.02111502e-02  9.93450172e-03 -2.42704043e-33
  3.71331275e-02  6.77909106e-02 -3.35459001e-02  8.75768736e-02
  3.78834344e-02  7.17124790e-02 -2.43090130e-02  5.90735301e-02
 -5.28922454e-02 -2.38051862e-02  4.81906012e-02  8.59376416e-02
 -1.89353954e-02  1.01716310e-01 -2.17743162e-02  1.78054702e-02
 -5.02948202e-02  1.73344929e-02 -8.58805105e-02 -1.74572468e-02
 -2.63070259e-02 -5.59798181e-02  2.52447091e-02  5.29880412e-02
  1.26800761e-02 -4.76157367e-02 -1.37762085e-03 -6.85261860e-02
 -4.54487726e-02  9.72096808e-03 -5.57460748e-02  4.04639915e-02
 -5.29982150e-02  1.39216706e-03 -2.58268639e-02  2.47231591e-02
 -3.09656234e-03 -2.78767273e-02  4.25993279e-02  7.57625252e-02
 -1.88806299e-02  7.76787773e-02 -6.14869222e-02 -1.78696699e-02
  4.70975526e-02  6.04961105e-02 -2.65156478e-02 -6.30250722e-02
  4.99043688e-02 -3.90738854e-03  2.93379873e-02 -5.64771928e-02
  4.04566992e-03 -6.74669668e-02  3.98314781e-02  6.81749731e-02
  1.30123541e-01 -5.78239858e-02 -4.50483300e-02 -4.21549007e-02
  3.21032815e-02 -1.85899064e-02 -3.61043364e-02 -5.44081628e-02
 -1.97857413e-02  8.76329839e-02 -2.36435644e-02  3.42045166e-02
  1.17167406e-01  9.01883468e-03 -1.98026914e-02 -1.16074476e-02
 -5.58760716e-03  9.12604108e-02 -3.25561427e-02  2.98776128e-03
 -6.66958466e-02 -8.63935947e-02  1.76741555e-02  1.64092690e-01
  3.86418886e-02  2.29555275e-02 -6.72320276e-02 -1.51946200e-02
 -1.99970715e-02 -2.62497291e-02 -1.87045261e-02 -3.32559459e-02
  6.08121529e-02 -1.72174349e-02  2.98716370e-02  3.59107531e-03
 -2.48250142e-02  4.86342125e-02 -4.04329300e-02 -8.82259295e-34
 -6.01955466e-02  6.58477002e-05 -7.34233186e-02  3.49885493e-04
 -1.43501982e-02  3.19695771e-02 -4.57773730e-02 -5.17269876e-03
  2.59615090e-02  3.61920334e-03 -7.96881840e-02 -8.48309994e-02
 -8.10523555e-02  7.79999373e-03 -7.45283440e-02  9.23541316e-04
 -9.13526397e-03 -7.26089180e-02 -1.35349140e-01  1.14265978e-01
  3.06194499e-02 -3.60083692e-02  1.13202631e-02  2.06178501e-02
  1.07033290e-01 -5.45206964e-02  4.31325957e-02 -2.32617930e-03
  6.41120300e-02 -4.35476610e-03  2.67126504e-02 -2.33280063e-02
  5.26935570e-02 -4.36819494e-02 -2.09060330e-02  8.63064080e-02
  1.32870585e-01 -5.30711077e-02 -1.38727436e-02  7.56002543e-03
  9.24402997e-02 -4.86414433e-02  3.55207399e-02  7.43298978e-02
 -8.70002583e-02  6.29505236e-03 -4.16779034e-02  2.22803373e-02
 -3.85061912e-02 -5.42127527e-03 -7.27545917e-02 -6.97529688e-02
 -5.62111428e-03  3.48735675e-02  2.70498544e-02 -3.52284387e-02
 -9.57067087e-02 -4.85384604e-03 -2.21523959e-02  4.86606993e-02
  5.47002591e-02  1.21819980e-01  1.66659337e-02  4.37978469e-02
 -6.47005886e-02 -6.53725043e-02 -4.62063495e-03 -3.87219563e-02
 -1.10539168e-01  4.82909493e-02  6.84356317e-02  2.53364891e-02
  3.07555106e-02 -1.34959193e-02 -5.00749014e-02  3.00082043e-02
 -7.20887482e-02  4.95637283e-02 -3.47136445e-02  3.32561694e-02
 -4.22747508e-02 -6.82475716e-02 -1.12480512e-02  1.37247993e-02
  3.70581597e-02  1.58946943e-02  4.71827537e-02  1.59748383e-02
 -8.67722742e-03 -5.32087050e-02  5.24175055e-02 -5.21513708e-02
  1.99323669e-02 -1.99434143e-02 -2.50670407e-02 -3.66895172e-08
 -5.02514467e-02 -1.13139130e-01 -6.34265542e-02  3.56012844e-02
 -5.63572980e-02  4.10160497e-02  2.16646343e-02 -8.79722387e-02
  5.98443486e-02  2.88696922e-02 -4.66774628e-02 -5.16176857e-02
 -4.40196879e-02 -1.09806191e-02  4.17742319e-02 -4.75847088e-02
  2.71408372e-02  5.81207336e-04  5.82206398e-02 -3.69366892e-02
  1.21125005e-01  9.65462159e-03 -4.20104191e-02  1.96060631e-02
  4.59686257e-02 -8.63543432e-03 -1.87333021e-02 -8.52603763e-02
  3.48306596e-02  5.25116250e-02 -8.91873240e-02  2.10025702e-02
 -7.42963329e-02 -3.53701971e-02 -4.41891328e-02  5.12615182e-02
  1.23952471e-01 -4.80972379e-02 -5.00534661e-02  2.93540359e-02
  3.11420299e-02 -5.19863293e-02  3.40783074e-02  1.38557432e-02
  6.00055568e-02  2.74478476e-02  4.29234356e-02  2.40337048e-02
  6.55455589e-02  3.15001118e-04 -1.42729571e-02 -3.14764082e-02
  4.37135389e-03 -1.64210610e-02 -2.44721267e-02  5.35259545e-02
  2.63946615e-02  2.90754288e-02 -1.00994902e-02 -2.12023295e-02
  3.87859493e-02  5.46062961e-02 -2.84186136e-02  1.47589287e-02]"
Animation,Undergraduate,"School of Communication, Cinematic & Creative Arts","['creative', 'communication', 'maths_for_arts', 'design', 'portfolio', 'studio', 'capstone', 'vfx_pipeline', 'animation_production_workflow', 'character_rigging_practicum']","Covers visual effects, character design, and animation production workflows with studio-based projects.","Animation (Undergraduate, School of Communication, Cinematic & Creative Arts) Attributes: creative, communication, maths_for_arts, design, portfolio, studio, capstone, vfx_pipeline, animation_production_workflow, character_rigging_practicum. Description: Covers visual effects, character design, and animation production workflows with studio-based projects.","[ 7.24681932e-03 -2.02351827e-02  1.52428579e-02 -5.24622649e-02
 -1.93793382e-02  1.76069457e-02  4.79914546e-02 -1.34735601e-02
  3.19255553e-02 -3.22218873e-02 -1.24012157e-02 -6.93081468e-02
  1.45107420e-04  1.69856532e-03 -2.85419766e-02 -1.03683127e-02
  4.48776372e-02  1.88651141e-02  3.81782539e-02 -7.92319514e-03
  8.93628076e-02  2.05688924e-02  4.89395075e-02 -2.29313020e-02
  4.91926856e-02  7.52506452e-03 -2.31408663e-02  1.14146620e-02
 -3.43970815e-03 -7.05932900e-02 -7.73682222e-02  4.24387418e-02
  7.83809945e-02 -2.94804899e-03  2.19926462e-02  1.42104343e-01
  3.93614545e-02  1.68834478e-02 -5.96747547e-02  2.39144471e-02
 -8.35567489e-02  9.67487916e-02 -6.73371041e-03 -3.89126092e-02
  8.24778378e-02 -2.37148944e-02  2.86390670e-02 -1.22058988e-01
 -1.09360412e-01  8.77291188e-02 -1.07375629e-01 -7.20256194e-02
 -5.87390587e-02  1.34493737e-02  2.00013742e-02  5.86318178e-03
  7.06884265e-02 -4.36775684e-02  1.25633683e-02 -4.80180979e-02
 -6.35062382e-02  1.07625546e-02  7.90968761e-02  9.14540291e-02
 -1.76842771e-02 -6.08450780e-03 -1.25001976e-02  7.66438246e-02
 -3.84110287e-02 -5.75308427e-02 -6.34398451e-03 -7.77626187e-02
 -4.64743003e-02 -5.23350574e-02 -5.23828482e-03 -4.02803114e-03
  5.53260976e-03 -4.76014689e-02  3.43187479e-03 -3.29759419e-02
  3.91880907e-02 -8.28150287e-02 -5.27198836e-02 -1.62374098e-02
  7.55935581e-03  3.14963572e-02  6.24871766e-03 -5.21953031e-02
 -2.97790822e-02  6.93009943e-02 -6.05488084e-02  2.60290187e-02
  1.04908302e-01  3.45838293e-02  9.88220647e-02  4.46536066e-03
 -3.35448347e-02 -7.70438612e-02  2.29566172e-02 -1.57151781e-02
 -8.29170570e-02 -8.19663554e-02  1.10690154e-01  2.36415602e-02
 -4.77162376e-02 -5.44206100e-03  4.96400669e-02 -1.50480000e-02
 -5.10673560e-02 -2.85185575e-02  3.68694402e-02 -1.37798889e-02
 -6.04836829e-02 -1.53482221e-02  1.66375250e-01  8.27698708e-02
 -6.58715293e-02 -1.24614108e-02  9.68984589e-02 -1.69076398e-02
  4.83592413e-02  2.96699740e-02  3.44816893e-02 -2.27619857e-02
 -6.32208660e-02 -1.09481305e-01 -9.23727378e-02 -9.73959701e-34
  1.43887813e-03  6.27195537e-02  3.10363527e-03  7.57017136e-02
  3.87336761e-02 -5.38847484e-02 -2.08911579e-03  2.22964901e-02
 -3.74637172e-02  1.98368430e-02  3.96793038e-02  9.69793350e-02
  1.92989071e-04  1.51257008e-01  5.92581090e-03 -4.89235409e-02
  2.19323914e-02  3.08820326e-02 -9.63318069e-03  2.38460880e-02
  4.34163725e-04 -1.44220255e-02 -1.01824850e-02  2.84616649e-02
 -5.22696525e-02  3.80143849e-03 -4.94222082e-02 -1.19735412e-02
 -4.74394858e-02 -5.62817510e-03 -5.78798130e-02  6.52043745e-02
  7.08685350e-03 -5.70052937e-02  5.78059489e-03 -3.38993669e-02
 -3.16956826e-02 -8.54260325e-02  1.49983671e-02  7.26805925e-02
 -3.61573771e-02 -7.18662143e-03 -1.00363858e-01 -2.35129707e-02
 -1.33224940e-02  4.23001647e-02  9.13196504e-02  6.83837011e-02
  1.41080962e-02  1.18944764e-01 -4.70242202e-02  1.00937532e-02
  3.85498330e-02 -4.19911370e-02  3.11750136e-02 -1.05444039e-03
  1.15443999e-02 -3.07396776e-03 -6.33954257e-02  9.62385628e-03
 -7.10424706e-02  3.55988853e-02  4.93331254e-03 -7.20299929e-02
 -2.16235332e-02  5.23020551e-02  4.19196002e-02 -5.58540411e-02
  1.09272443e-01 -3.03014461e-02 -6.43858612e-02  3.67544666e-02
  3.49185579e-02  3.86382826e-02 -4.84469952e-03 -1.12426924e-02
 -1.06762782e-01 -4.33449671e-02 -1.32022602e-02  1.00982465e-01
 -8.57498795e-02 -2.77250018e-02 -9.58563834e-02 -3.21701206e-02
  3.65482718e-02 -2.41348278e-02  4.19805711e-03  1.56334806e-02
  1.68594345e-02 -2.12728279e-03  2.01114686e-03 -7.23356977e-02
  3.83079122e-03  5.55537865e-02 -2.85006445e-02 -8.32171940e-34
  1.32072195e-02  3.17934752e-02 -1.19497471e-01  4.21525538e-02
  1.01700634e-01  2.36748066e-02  2.70458553e-02  6.61585887e-04
  7.22828880e-03 -1.80979576e-02 -3.22974175e-02 -1.55194728e-02
 -7.55560324e-02 -3.15424390e-02 -4.59445342e-02 -2.59602517e-02
  2.69649699e-02 -9.87648442e-02 -4.34936620e-02  1.10311154e-03
  6.74317554e-02 -3.36992443e-02 -4.58416976e-02  6.38958765e-04
  8.12701043e-03  9.79340374e-02 -5.54738892e-03 -3.91104966e-02
  1.24989972e-02  4.69053984e-02 -1.27424682e-02 -1.34151680e-02
  4.92954329e-02  1.97596587e-02 -1.51496772e-02 -9.36093461e-03
  7.26709291e-02 -7.45341554e-02  6.12472836e-03  2.78655104e-02
  5.09436168e-02 -4.34082672e-02  2.49312986e-02  5.03653549e-02
 -3.50981466e-02  3.32808904e-02 -2.95287929e-02  1.36495363e-02
  2.76729222e-02 -4.15236615e-02 -4.04087380e-02  7.82374386e-03
  4.72855009e-02 -6.46437779e-02  2.64585745e-02 -7.98050240e-02
  4.48195413e-02 -1.48767587e-02  1.17842788e-02  3.65988985e-02
  3.40857953e-02  2.62287259e-02  7.35638961e-02  7.69899809e-04
 -8.14052224e-02 -8.58905539e-03 -8.32462758e-02 -6.46724254e-02
 -9.99320075e-02 -5.50926588e-02  9.06637311e-02  4.61635590e-02
 -2.99753118e-02  1.44658228e-02 -1.02488562e-01 -4.29713121e-03
  1.23449452e-02 -6.94157137e-03  9.10622813e-03 -2.00868044e-02
  1.55887529e-02 -2.34239288e-02  1.48804917e-04  4.61646058e-02
 -3.62035073e-02  9.47968364e-02 -6.28743321e-02 -2.47094911e-02
  6.92644194e-02 -3.96439359e-02 -2.35075299e-02  1.92258228e-02
 -3.07820085e-02  3.35145444e-02 -3.22772264e-02 -4.07943048e-08
 -1.07682623e-01  1.42600564e-02  5.08024581e-02 -8.13707560e-02
 -3.53942290e-02  1.10084303e-01  3.97879519e-02 -1.46699073e-02
  3.39622349e-02 -2.09425297e-02  4.21481840e-02 -1.00875096e-02
  6.22152314e-02  6.35770708e-02  8.22480172e-02 -9.48840566e-03
  8.52115080e-03  8.74721259e-03  6.55263802e-03 -7.79361799e-02
  5.08032553e-02 -1.36943837e-03 -8.61586407e-02 -1.03459358e-02
 -1.09160945e-01 -4.78080995e-02 -3.44890216e-03 -1.98533684e-02
 -4.20225747e-02  2.29762476e-02 -1.02421390e-02  4.40314822e-02
  3.43881883e-02 -5.73839508e-02  2.16540811e-03  1.15900813e-02
  1.80428401e-02 -8.09618458e-02 -4.28558663e-02  7.95761496e-02
 -1.09529281e-02  5.44191618e-03  8.47408623e-02  4.81589558e-03
  5.86321391e-02  5.49150929e-02 -5.28364861e-03 -6.04125597e-02
 -1.11334920e-02  5.60078509e-02 -2.22691949e-02 -4.49638292e-02
 -1.23873152e-01  5.90034053e-02  2.02246699e-02  6.66260943e-02
  4.02395055e-02  6.38779849e-02 -2.25469675e-02  3.04095857e-02
  4.91416119e-02 -1.10220825e-02  2.41812021e-02  7.59458123e-03]"
Film Production & Directing,Undergraduate,"School of Communication, Cinematic & Creative Arts","['creative', 'communication', 'maths_for_arts', 'design', 'studio', 'portfolio', 'capstone', 'internship', 'studio_production', 'cinematography_practicum', 'post_production_pipeline']","Explores cinematography, directing, and post-production pipelines with hands-on studio internships.","Film Production & Directing (Undergraduate, School of Communication, Cinematic & Creative Arts) Attributes: creative, communication, maths_for_arts, design, studio, portfolio, capstone, internship, studio_production, cinematography_practicum, post_production_pipeline. Description: Explores cinematography, directing, and post-production pipelines with hands-on studio internships.","[ 2.17875373e-02 -6.85490742e-02 -2.74091470e-03 -2.30240803e-02
 -8.70252901e-04  1.45274978e-02 -2.14113593e-02  1.52962326e-04
 -1.27934702e-02  2.32152687e-03 -3.43994461e-02 -4.98990975e-02
 -1.06371427e-02  4.26531695e-02 -6.98742867e-02  3.09516024e-02
  7.69603997e-02 -1.58920884e-02  5.13266698e-02 -7.64378160e-02
  5.20639867e-02  4.66031246e-02  9.97017771e-02  1.44113845e-03
  3.46781611e-02 -3.61281149e-02 -1.24769332e-02  5.20975068e-02
 -5.02943397e-02 -4.52105328e-02 -7.13247135e-02  4.62398604e-02
 -9.22296848e-03 -5.40930592e-03  1.11600839e-01  9.19782147e-02
 -6.22720085e-03 -3.15658050e-03  2.58454401e-03 -1.35476533e-02
 -2.88488679e-02  7.87509307e-02 -8.32548086e-03 -6.07561246e-02
  3.24267633e-02 -9.25071463e-02  1.98247340e-02 -5.25450893e-02
 -7.04341456e-02  3.32260206e-02 -7.06580430e-02 -6.14864454e-02
 -9.35719013e-02 -1.83355995e-02  1.46971298e-02 -2.58119451e-03
  7.86438771e-03 -4.41526175e-02  2.68175453e-02 -1.55934263e-02
 -7.95882717e-02 -2.96455789e-02  4.44420874e-02  2.62472257e-02
  3.72574627e-02 -1.12474607e-02  3.00213322e-03  1.31596789e-01
 -8.37596413e-03 -5.48403561e-02  4.63522971e-02  1.82232086e-03
 -7.16465339e-02  1.40309287e-02  1.86720360e-02 -5.16824313e-02
  1.05414528e-03  2.23945901e-02 -4.67445031e-02 -5.76513521e-02
  5.72703369e-02 -5.78111857e-02 -5.87419532e-02  1.09274462e-02
 -4.59134169e-02 -3.14383730e-02 -3.87593880e-02  4.95199300e-03
  2.34918599e-03  5.74121960e-02 -9.75579098e-02 -7.20259100e-02
 -2.53837351e-02  4.45800610e-02  7.85830244e-03 -1.42745394e-02
 -2.46599615e-02 -2.72841938e-02  7.61518106e-02 -7.18261953e-03
 -5.12493923e-02 -9.76841226e-02 -1.38834100e-02 -1.38814179e-02
 -4.40939032e-02 -1.09430589e-02  3.61446105e-02  4.13892753e-02
 -5.68717048e-02 -4.71312134e-03  4.08442393e-02  7.88418353e-02
 -6.29962906e-02  4.33114963e-03  1.27517462e-01  1.04326069e-01
 -1.08920578e-02  7.96341151e-03  4.46936563e-02  2.40392014e-02
 -7.39393011e-02  6.60843626e-02 -4.20297347e-02 -2.00106353e-02
 -1.16984427e-01 -9.49390978e-02 -5.01003675e-02 -2.67575612e-33
  5.77590764e-02  3.56872715e-02  4.16957922e-02  6.81526512e-02
  1.89598463e-02  3.46411616e-02  3.19650886e-03  1.35399714e-01
 -4.78969030e-02 -2.97030639e-02  8.00491944e-02 -7.95379281e-03
 -2.08116118e-02  5.73040023e-02 -2.76950747e-02 -3.75490300e-02
  4.05906774e-02  4.96186465e-02 -4.56220098e-02 -1.80753265e-02
 -8.61355290e-02  1.28500648e-02 -3.07245031e-02  5.65773845e-02
  1.08049149e-02 -3.27684917e-02 -5.39107285e-02 -1.58609729e-02
  4.92250139e-04  2.15572165e-03 -1.24688549e-02  8.89937803e-02
 -8.29148479e-03 -3.21082845e-02 -1.06863510e-02 -4.01235418e-03
 -5.48792630e-02 -8.90070498e-02  8.77383053e-02  5.94286844e-02
 -7.31212422e-02  7.03904182e-02 -9.23660472e-02 -2.98765115e-02
 -5.14613129e-02  6.65993243e-02 -5.89576131e-03  3.71719413e-02
 -2.77822115e-03  7.86392242e-02 -1.77326016e-02  2.56283581e-03
  9.87748876e-02 -4.64027673e-02  3.66117246e-02  5.77037930e-02
  3.75896543e-02 -1.89268533e-02 -1.55960601e-02 -3.91684137e-02
 -3.44536407e-03  8.95127580e-02 -1.24822833e-01 -7.10246479e-03
 -8.00143480e-02  7.30522946e-02  4.75467704e-02  3.90247665e-02
  1.78958848e-01 -2.07388438e-02 -1.17122009e-01  3.04711200e-02
 -2.00202223e-02  6.51361719e-02  5.82676567e-02  2.50545852e-02
 -9.84751582e-02 -6.81721568e-02  1.76078659e-02  1.31347135e-01
 -5.77485636e-02  4.33941521e-02 -7.52562508e-02 -3.07092145e-02
  2.57178415e-02 -1.57850962e-02 -5.46623431e-02  2.00370718e-02
  4.86356616e-02  6.47355318e-02 -1.28193973e-02 -1.86256785e-02
 -5.19947633e-02  1.12116277e-01 -1.73591487e-02 -1.06211544e-33
  2.83052102e-02  2.25790720e-02 -7.18618780e-02 -3.69837955e-02
  5.14134169e-02 -2.15730704e-02 -3.99348848e-02 -6.65337369e-02
  6.96213245e-02 -1.63977109e-02 -8.92281383e-02  1.01766782e-04
 -1.21997520e-01  9.59267095e-03 -1.23426110e-01 -4.67476957e-02
 -3.24966721e-02 -4.13212292e-02 -1.07076708e-02  1.42402565e-02
  1.66006628e-02 -7.02421600e-03  3.75050716e-02 -7.62503874e-03
 -5.30894995e-02  7.30075222e-03 -6.21512998e-03  6.05533421e-02
  4.20903135e-03  2.48076357e-02  7.82487541e-02 -5.76745868e-02
  3.97555791e-02 -1.01639600e-02 -8.53734985e-02  3.23744193e-02
  9.18092877e-02 -6.32372573e-02  4.19571735e-02  6.71703741e-02
  1.21195531e-02 -2.15234142e-02  5.92586435e-02  7.63718635e-02
 -5.51031157e-02  2.00058408e-02 -7.18967430e-03 -1.49964914e-02
 -2.84427889e-02 -3.26390080e-02 -1.24032855e-01  9.95276030e-03
 -1.59645025e-02 -6.33481741e-02  5.41884042e-02 -8.61309767e-02
  3.43473442e-02 -3.77823301e-02 -2.52989586e-03  3.32589857e-02
  4.50458713e-02  2.17052698e-02  5.48145324e-02 -2.09982749e-02
 -6.25560060e-02  1.22471098e-02 -2.04790663e-02 -2.04375852e-02
 -4.72666211e-02 -5.44973556e-03  6.15741648e-02  5.48349246e-02
 -2.63799634e-02  1.38897123e-02 -9.53682736e-02  1.19015910e-02
 -2.81866919e-02  2.92987265e-02  3.12416907e-02 -2.94537507e-02
  9.14393924e-03 -4.90803160e-02 -2.05693431e-02  4.88608852e-02
  4.31275703e-02  5.75222373e-02  2.18711477e-02  4.38068854e-03
  7.12430701e-02 -4.20603752e-02  5.46767600e-02 -1.01326527e-02
  3.30949463e-02 -7.00075924e-02 -8.57043117e-02 -3.53232288e-08
 -4.59257513e-02  1.52128721e-02 -9.56519414e-03  4.82303314e-02
 -4.19775844e-02  2.37480924e-02  8.78807064e-03  1.86717901e-02
  1.18437827e-01 -2.80039664e-02 -1.72702502e-02 -8.92573223e-02
  1.90183464e-02  9.67596599e-04  5.22574373e-02 -3.36628146e-02
  2.61208098e-02  2.53491290e-02  1.94788128e-02 -6.60186186e-02
  4.09925878e-02  1.72644220e-02 -2.77354252e-02  7.60130286e-02
 -4.66600806e-02 -7.83041641e-02  7.56295770e-03 -7.21476972e-02
  2.53197877e-03  3.49149071e-02 -3.32383886e-02  2.10543983e-02
 -1.41148055e-02 -2.04227380e-02  7.72028184e-03 -6.17983658e-03
  2.12746728e-02 -8.83559138e-02 -1.13322269e-02  4.43667546e-02
 -2.27377284e-02 -3.61569300e-02  4.22068164e-02 -7.46948598e-03
  7.51888752e-02  7.29573965e-02  6.43508285e-02  3.50757875e-03
 -3.30054350e-02 -1.06323669e-02 -4.40246053e-02 -2.06433851e-02
 -4.84693609e-02 -1.63973812e-02  5.18412516e-02  6.21522143e-02
  2.15101503e-02  1.20934611e-02 -6.74709380e-02  5.94663084e-04
  8.29446614e-02  3.03359274e-02  4.98949643e-03  1.09799057e-02]"
Communication Studies,Masters,"School of Communication, Cinematic & Creative Arts","['creative', 'communication', 'linguistics', 'humanities', 'maths_for_arts', 'postgraduate', 'thesis', 'research', 'portfolio', 'media_editing_workflow', 'audience_research_projects', 'editorial_strategy_studies']","Advanced program in media research, editorial strategy, and communication theory with thesis requirement.","Communication Studies (Masters, School of Communication, Cinematic & Creative Arts) Attributes: creative, communication, linguistics, humanities, maths_for_arts, postgraduate, thesis, research, portfolio, media_editing_workflow, audience_research_projects, editorial_strategy_studies. Description: Advanced program in media research, editorial strategy, and communication theory with thesis requirement.","[ 5.09367101e-02 -4.30252291e-02  3.26959230e-02  1.79504082e-02
  1.83737185e-02 -6.04517432e-03 -1.49817709e-02  7.93638453e-03
  4.82686423e-02  1.75091084e-02 -1.47415185e-02 -2.68852711e-02
 -2.13821139e-02 -7.17626838e-03  1.72272474e-02  2.07559373e-02
  3.49147730e-02 -6.46114051e-02  5.65055311e-02 -7.04139844e-02
  1.18545229e-02  4.97346707e-02  1.50561258e-01  1.44111877e-02
 -4.58171889e-02 -3.71988863e-02 -6.90679299e-03  4.06343676e-02
 -3.96140181e-02  7.33982585e-03  2.58421861e-02  5.39017171e-02
  3.41222920e-02  4.25762087e-02 -5.74462302e-02  1.47208005e-01
  1.28773516e-02 -2.31700186e-02  3.98359969e-02  4.81417961e-02
 -9.27552357e-02  5.52955344e-02  4.50792387e-02 -7.74584785e-02
  1.19686099e-02 -1.12468667e-01 -4.02352139e-02  1.86440162e-02
 -1.09937824e-01 -5.97410230e-03 -5.96782826e-02 -2.57581137e-02
 -2.97611915e-02  2.75813807e-02 -4.57088016e-02 -1.09440364e-01
 -7.41263106e-03  6.13448136e-02 -2.76160729e-03 -3.71425832e-03
  4.15736483e-03 -4.19228040e-02 -1.45621728e-02  3.61613594e-02
 -1.93999782e-02  2.58714184e-02 -8.89713503e-03  1.03256091e-01
 -6.42222613e-02 -1.90287419e-02  3.82305346e-02 -1.35440426e-02
 -9.72448289e-03  3.65243442e-02  3.94392619e-03 -1.48160169e-02
  3.91205400e-02  5.15386984e-02 -9.38474573e-03  2.36028549e-03
  7.28236884e-02 -3.83115150e-02 -1.77587606e-02 -4.95262779e-02
  4.20079706e-03 -6.47569075e-02 -1.01452395e-01 -5.28168529e-02
 -6.26225024e-02  2.42543053e-02 -2.97669731e-02 -7.00141266e-02
  1.02212913e-02  1.11108556e-01 -5.78221958e-03 -4.77817655e-02
 -4.28590067e-02 -7.43415505e-02  1.10571701e-02  9.40165762e-03
 -5.55788204e-02  5.66680059e-02 -9.00870468e-03 -6.64507374e-02
 -6.38848394e-02 -5.21194935e-02  1.36561580e-02  1.15617570e-02
 -7.67252296e-02  2.87697669e-02  3.61655280e-02  4.87533771e-02
 -1.09308958e-02  5.36068492e-02  1.03247650e-01  4.03100848e-02
 -4.34089154e-02  4.55341972e-02  1.02363139e-01  7.57519379e-02
 -1.94651056e-02 -1.69574842e-02 -1.33575955e-02 -4.63349111e-02
 -8.18467438e-02 -7.77710751e-02 -3.23266909e-02 -3.30794873e-33
  2.40430539e-03  1.71800870e-02  2.18060091e-02  1.23149902e-01
 -2.73850327e-03  5.68916127e-02  1.07873799e-02  3.81563790e-02
 -7.20171258e-02 -7.52636939e-02  9.04425979e-02  9.76850465e-02
  1.30979409e-02  1.04394592e-01  1.05391012e-03 -7.07154274e-02
 -2.87008323e-02  5.86969666e-02  1.33567387e-02 -8.01666975e-02
 -2.28049792e-02 -1.20514091e-02  1.06112277e-02 -1.10958144e-03
  2.27917656e-02 -2.56998949e-02  1.04581909e-02 -7.55797178e-02
 -1.03933662e-02  1.85238458e-02 -7.60907903e-02  6.65366277e-02
 -3.23997065e-02 -4.61172648e-02 -2.02552900e-02  3.07466276e-02
  4.97140642e-03 -8.06458071e-02  5.60318530e-02  5.30242585e-02
 -2.34798044e-02  6.01038570e-03 -4.51513119e-02 -2.81841699e-02
  1.20209623e-02  8.10774118e-02  4.98233223e-03 -8.57970864e-02
  8.10971186e-02  3.27656604e-02  1.10381078e-02 -6.43214062e-02
 -6.96034729e-02 -3.42510678e-02  3.57187130e-02  3.25468741e-02
 -1.60537809e-02 -1.75691862e-02 -3.31159458e-02 -6.02224059e-02
  2.83306967e-02  3.75681445e-02 -6.40558153e-02 -1.28228381e-01
 -9.25479573e-04  3.28482613e-02 -3.78512628e-02 -5.59230335e-02
  1.14717506e-01 -7.24679157e-02 -5.24108410e-02 -3.42693813e-02
  4.17819284e-02  6.89380318e-02  8.98370892e-03 -4.55636568e-02
 -3.94459255e-02 -1.10086214e-04  2.47806050e-02  1.78094521e-01
 -7.62014687e-02  5.93776209e-03 -4.72385623e-02 -3.39319631e-02
  6.18529730e-02  5.92290424e-03 -2.54011694e-02  2.93876454e-02
  1.79820377e-02 -4.38364875e-03  3.21573648e-03  2.92669795e-02
 -3.87358293e-02  1.03596896e-01 -2.81619504e-02 -1.14665442e-33
 -3.17701027e-02  4.39635701e-02 -8.61051753e-02  3.78333628e-02
  4.53305021e-02  4.02913382e-03  2.23041754e-02  8.92036222e-03
  2.15125047e-02  8.13629571e-03 -6.02377392e-02 -8.70156661e-02
 -8.10920671e-02 -3.38600134e-03 -2.44452935e-02 -7.26623014e-02
  1.64070744e-02 -7.67117664e-02 -6.27555549e-02  6.40237331e-02
  3.20901647e-02 -2.56460402e-02  5.97830601e-02  1.08593563e-02
  3.28844041e-02 -3.38192657e-02  2.11414266e-02 -1.51092550e-02
  4.51033711e-02 -2.98309010e-02  2.93744989e-02  1.98444482e-02
  4.01554964e-02  1.96989644e-02 -4.39798497e-02  1.83142368e-02
  1.15060650e-01 -6.62677512e-02 -1.13070616e-03  5.93918152e-02
  1.12038471e-01  3.41330208e-02 -2.51858626e-02  8.07947144e-02
  1.69635215e-03  1.64573248e-02 -6.08717091e-02 -4.50594816e-03
 -3.37704159e-02 -2.32425593e-02  2.27811793e-03 -2.00711470e-02
  1.04481280e-02 -6.86586350e-02  4.26248163e-02 -2.35462245e-02
  1.69833452e-02 -2.26772595e-02 -7.04431608e-02  6.60691783e-02
  7.71837980e-02  5.08479215e-02  1.28114084e-02  5.05475421e-03
 -7.94849358e-03  1.46216899e-02 -5.31483954e-03  2.05854345e-02
 -1.93297341e-02  5.99736348e-03  6.29689246e-02  2.35520191e-02
 -4.32113223e-02 -3.57891209e-02 -3.07941576e-03  3.41010690e-02
 -1.01430893e-01  4.13971441e-03 -6.93543404e-02  2.43890546e-02
 -4.16192338e-02  3.61347757e-02 -1.59402601e-02 -1.34392940e-02
  4.04326245e-02  2.24602092e-02 -1.42888892e-02 -6.83549792e-02
 -3.84925865e-02 -1.05980925e-01  3.70817520e-02 -6.44803047e-02
  5.46202883e-02 -6.27777055e-02 -1.68440528e-02 -4.03143794e-08
 -3.64025421e-02 -1.22660585e-01 -8.51816498e-03  1.18777566e-02
 -4.73784581e-02  3.79856825e-02 -8.10651481e-03 -1.22225724e-01
  3.31210606e-02 -6.42133271e-03 -8.90418962e-02 -9.77437291e-03
 -2.29645688e-02  6.35079145e-02  2.61529740e-02 -8.84304121e-02
  3.05176526e-02 -6.25486746e-02  4.38389927e-02 -1.45562347e-02
  1.09978504e-01  2.60203565e-03 -4.04913016e-02  4.53571267e-02
  3.20680961e-02  4.48961444e-02  1.86231136e-02 -7.50731826e-02
  7.38251675e-03  1.78541876e-02 -7.66630843e-02 -1.81342885e-02
 -1.79793742e-02 -1.07852640e-02  6.28385972e-03 -1.54490629e-03
  2.54359152e-02 -1.12263158e-01 -1.87268835e-02  1.10647224e-01
  4.91258129e-03 -5.38526662e-02  8.83186385e-02 -2.71913968e-02
  5.37259653e-02  9.75476950e-02  1.14645960e-03  6.41847551e-02
 -3.67714651e-02  1.11229392e-02 -4.53760214e-02  1.30503206e-02
 -4.51262519e-02 -1.07394056e-02 -2.76834685e-02  1.98502466e-02
  6.43689651e-03  2.61958763e-02 -9.92247388e-02 -1.67597085e-02
  9.37085524e-02  7.71123692e-02 -5.46416976e-02  3.34723815e-02]"
